feature,mean_importance
50I,-0.0024780354308842067
278F,-0.002015907244657633
127F,-0.002002738841567342
328V,-0.001507218519851339
233N,-0.0011203934362690403
299W,-0.0010664650696653455
421R,-0.0010422244099346667
336C,-0.000842641172498304
118G,-0.000810682808087182
78S,-0.0007916602401848883
22I,-0.0006932407089024206
98W,-0.00044936700957232123
53G,-0.00035642424455077925
244E,-0.00030693411109816715
206R,-3.265020711529232e-05
240P,0.0
230V,0.0
296I,0.0
231G,0.0
281W,0.0
427H,0.0
254S,0.0
253V,0.0
251A,0.0
249I,0.0
247V,0.0
236L,0.0
246M,0.0
237I,0.0
329P,0.0
334G,0.0
332G,0.0
426W,0.0
424K,0.0
423H,0.0
422S,0.0
420D,0.0
419K,0.0
418I,0.0
417E,0.0
416E,0.0
414C,0.0
402W,0.0
401E,0.0
396L,0.0
394C,0.0
393V,0.0
392R,0.0
391R,0.0
389S,0.0
385W,0.0
335A,0.0
229H,0.0
330H,0.0
228M,0.0
235H,0.0
226L,0.0
111Q,0.0
110Y,0.0
227N,0.0
107K,0.0
100D,0.0
99V,0.0
97R,0.0
96L,0.0
95Y,0.0
94D,0.0
82P,0.0
81V,0.0
80A,0.0
76R,0.0
75L,0.0
62R,0.0
57T,0.0
56F,0.0
52A,0.0
117R,0.0
119F,0.0
428F,0.0
121A,0.0
225T,0.0
224R,0.0
211M,0.0
208L,0.0
207G,0.0
205F,0.0
120E,0.0
203F,0.0
124R,0.0
123R,0.0
204A,0.0
122C,0.0
58A,5.109310365014607e-07
331H,2.744803958361075e-05
386F,7.586890325137486e-05
238H,0.0001216902482203297
333A,0.0001393590738551609
390S,0.0001600477670041345
108R,0.00016278759033594437
241V,0.00032214052353554126
202K,0.0005802079202405164
395D,0.0007602127909277501
115G,0.000936393160910165
223A,0.001024176527753462
297D,0.0010386235655390763
248N,0.0011591519452294418
415F,0.0012263157372393919
252F,0.0012854749416008281
292M,0.0014373006989201853
51G,0.001512792137883534
337I,0.0017144085709602797
112L,0.001772279199129989
109L,0.0023251152886678782
59N,0.002709419364621568
250A,0.0040749460314327916
61V,0.004170718940543527
234A,0.006850185695143685
327A,0.0069643644391804704
425I,0.007555417753602067
301M,0.00996176954002188
55A,0.015111908665381302
79G,0.015976532548722177
54M,0.019226311132691975
397Y,0.039575310973897174
239Y,0.21188824947874627
