feature,mean_importance
50I,-0.0024780354308840957
278F,-0.002015907244657522
127F,-0.002002738841567253
328V,-0.00150721851985125
233N,-0.0011203934362689516
299W,-0.0010664650696652566
421R,-0.0010422244099345557
336C,-0.000842641172498193
118G,-0.0008106828080870932
78S,-0.0007916602401847773
22I,-0.0006932407089023096
98W,-0.0004493670095722102
53G,-0.0003564242445507126
244E,-0.00030693411109812275
206R,-3.26502071152035e-05
240P,0.0
230V,0.0
296I,0.0
231G,0.0
281W,0.0
427H,0.0
254S,0.0
253V,0.0
251A,0.0
249I,0.0
247V,0.0
236L,0.0
246M,0.0
237I,0.0
329P,0.0
334G,0.0
332G,0.0
426W,0.0
424K,0.0
423H,0.0
422S,0.0
420D,0.0
419K,0.0
418I,0.0
417E,0.0
416E,0.0
414C,0.0
402W,0.0
401E,0.0
396L,0.0
394C,0.0
393V,0.0
392R,0.0
391R,0.0
389S,0.0
385W,0.0
335A,0.0
229H,0.0
330H,0.0
228M,0.0
235H,0.0
226L,0.0
111Q,0.0
110Y,0.0
227N,0.0
107K,0.0
100D,0.0
99V,0.0
97R,0.0
96L,0.0
95Y,0.0
94D,0.0
82P,0.0
81V,0.0
80A,0.0
76R,0.0
75L,0.0
62R,0.0
57T,0.0
56F,0.0
52A,0.0
117R,0.0
119F,0.0
428F,0.0
121A,0.0
225T,0.0
224R,0.0
211M,0.0
208L,0.0
207G,0.0
205F,0.0
120E,0.0
203F,0.0
124R,0.0
123R,0.0
204A,0.0
122C,0.0
58A,5.10931036612483e-07
331H,2.7448039583721773e-05
386F,7.586890325146367e-05
238H,0.00012169024822044072
333A,0.0001393590738552497
390S,0.00016004776700422328
108R,0.0001627875903360554
241V,0.00032214052353563005
202K,0.0005802079202405607
395D,0.0007602127909278389
115G,0.000936393160910276
223A,0.001024176527753573
297D,0.0010386235655391873
248N,0.0011591519452295528
415F,0.0012263157372394806
252F,0.0012854749416009391
292M,0.0014373006989202742
51G,0.0015127921378836006
337I,0.0017144085709603462
112L,0.0017722791991301
109L,0.002325115288667923
59N,0.002709419364621679
250A,0.00407494603143288
61V,0.004170718940543616
234A,0.006850185695143773
327A,0.006964364439180515
425I,0.007555417753602156
301M,0.009961769540021991
55A,0.015111908665381391
79G,0.015976532548722267
54M,0.019226311132692065
397Y,0.039575310973897285
239Y,0.21188824947874635
