feature,mean_importance
208L,-0.005373022993293208
401E,-0.0038860844782516056
248N,-0.0034560448233578846
236L,-0.002767746803364024
227N,-0.002470337475292772
52A,-0.002385704062580829
246M,-0.00131254608249598
50I,-0.0012432339041597907
206R,-0.001005568358284825
299W,-0.0007550446652389686
211M,-0.0006714759808139403
336C,-0.0005117248646387296
53G,-0.0004922601603304377
385W,-0.0003802460278610198
54M,-0.00028344050417981046
328V,-0.0002228108308493848
250A,-0.00021521057149203048
223A,-0.0002056393010926305
391R,-0.00018480395353845936
58A,-0.00017032961754728237
419K,-0.00016170064974827537
421R,-0.00011189098261699115
229H,-9.431948279419178e-05
56F,-8.855722127554255e-05
204A,-4.093185753297757e-05
252F,0.0
228M,0.0
224R,0.0
226L,0.0
225T,0.0
393V,0.0
329P,0.0
392R,0.0
427H,0.0
389S,0.0
253V,0.0
330H,0.0
237I,0.0
337I,0.0
335A,0.0
244E,0.0
334G,0.0
254S,0.0
249I,0.0
333A,0.0
231G,0.0
428F,0.0
395D,0.0
203F,0.0
96L,0.0
95Y,0.0
94D,0.0
81V,0.0
79G,0.0
78S,0.0
418I,0.0
76R,0.0
62R,0.0
61V,0.0
423H,0.0
57T,0.0
424K,0.0
426W,0.0
422S,0.0
205F,0.0
416E,0.0
100D,0.0
202K,0.0
124R,0.0
123R,0.0
121A,0.0
120E,0.0
414C,0.0
118G,0.0
119F,0.0
115G,0.0
112L,0.0
111Q,0.0
110Y,0.0
109L,0.0
108R,0.0
117R,0.0
327A,0.0
278F,3.270031739492918e-05
332G,5.171182739713842e-05
122C,7.710090396713109e-05
22I,9.641992808373523e-05
394C,0.00027582900083691355
390S,0.0002794787888539485
233N,0.000564562775015065
80A,0.0005688311075987773
127F,0.0005696933556656125
107K,0.000604350037910506
240P,0.0008554474404166568
241V,0.001248027434364829
234A,0.0012892392781907124
238H,0.0013128537427116616
99V,0.0014299138810821787
396L,0.001634312236373625
402W,0.0016913555733855334
292M,0.00184339031964742
417E,0.0018618207003175957
420D,0.0018713041541654541
296I,0.002279602711692097
75L,0.0023492056316777752
235H,0.0025262181212350352
251A,0.00255334866325736
386F,0.00277882761212358
230V,0.0028644335526833765
301M,0.0029114254131676455
425I,0.002932333094808004
59N,0.0034471561094204573
415F,0.003466373174628745
207G,0.0034959327176419695
297D,0.004906179949275291
397Y,0.005823357797910389
247V,0.006298373182669348
98W,0.007969225432419935
82P,0.008534709151196274
51G,0.008612344215896605
281W,0.009839873271471244
331H,0.017605324368959917
97R,0.021934846672790664
55A,0.041998634123997736
239Y,0.19392905280812905
