feature,mean_importance
53G,-0.0017212431186141464
385W,-0.0012847232518823804
335A,-0.0011628126860714794
204A,-0.0010485640651322291
207G,-0.0009641971006929539
278F,-0.0009440001281383337
206R,-0.000941378159860795
96L,-0.0003596838235119471
59N,-0.0002934203498208054
333A,-0.0002425550303501556
238H,-0.0002286822887830775
417E,-0.00019070827736944462
402W,-0.00015952653091977353
336C,-0.00011687983354389254
223A,-5.732221997298836e-05
281W,0.0
292M,0.0
253V,0.0
252F,0.0
22I,0.0
247V,0.0
244E,0.0
296I,0.0
237I,0.0
427H,0.0
234A,0.0
233N,0.0
231G,0.0
229H,0.0
251A,0.0
297D,0.0
334G,0.0
329P,0.0
426W,0.0
424K,0.0
423H,0.0
422S,0.0
421R,0.0
420D,0.0
419K,0.0
418I,0.0
416E,0.0
299W,0.0
401E,0.0
396L,0.0
395D,0.0
394C,0.0
393V,0.0
392R,0.0
391R,0.0
389S,0.0
228M,0.0
331H,0.0
397Y,0.0
227N,0.0
235H,0.0
225T,0.0
117R,0.0
115G,0.0
112L,0.0
226L,0.0
108R,0.0
107K,0.0
100D,0.0
97R,0.0
118G,0.0
95Y,0.0
82P,0.0
81V,0.0
80A,0.0
79G,0.0
76R,0.0
75L,0.0
62R,0.0
57T,0.0
94D,0.0
119F,0.0
109L,0.0
428F,0.0
203F,0.0
202K,0.0
120E,0.0
211M,0.0
224R,0.0
124R,0.0
205F,0.0
123R,0.0
208L,0.0
121A,0.0
122C,0.0
328V,3.7778131745391794e-05
110Y,0.00015119378517323146
248N,0.00020826135482820973
236L,0.00044968676682579647
241V,0.0005809610366459105
332G,0.0007231546609032912
240P,0.001037570095733309
58A,0.0010510559071656323
127F,0.0011166645634985261
415F,0.0011384891727571843
327A,0.0011963740202884043
414C,0.0012068234374870146
51G,0.001367663060039681
250A,0.0013744590136249846
52A,0.0014103838563812809
249I,0.0014128156259935799
54M,0.0016285605890289379
56F,0.002055167702011107
390S,0.002156878931707351
337I,0.0023948533484421386
330H,0.002400714815129268
111Q,0.003007948465277832
246M,0.0033968033264431875
99V,0.0034514993926243686
386F,0.0036973762236029773
98W,0.005250658048198531
50I,0.005291496302964549
61V,0.005976901082142327
301M,0.007445859431621548
230V,0.007487253751390787
425I,0.024280372933126924
55A,0.03506374463461439
78S,0.04476429403311137
254S,0.048235269976869666
239Y,0.18599267335521913
