feature,shap_importance
239Y,1.3143868
80A,0.4418704
55A,0.3078399
97R,0.2701322
425I,0.2642154
94D,0.2619523
117R,0.22775005
397Y,0.20921914
416E,0.20117159
81V,0.18154554
253V,0.1807436
115G,0.17799333
107K,0.1578525
297D,0.15439364
226L,0.1513347
224R,0.14696532
100D,0.14576538
427H,0.1426857
249I,0.12862882
108R,0.12597434
119F,0.12578633
208L,0.12240395
423H,0.119935684
76R,0.11662217
401E,0.11293032
402W,0.11284147
246M,0.10065232
419K,0.09807736
233N,0.09793389
228M,0.0963081
223A,0.095742755
393V,0.09365998
395D,0.093291305
424K,0.09203227
422S,0.089733765
415F,0.08780773
428F,0.08529988
110Y,0.081569195
396L,0.073379636
420D,0.07268177
99V,0.07167015
254S,0.07162982
50I,0.07002116
61V,0.0655898
111Q,0.062818885
109L,0.061524846
82P,0.05735103
202K,0.056759953
120E,0.05672277
203F,0.055956826
251A,0.05540118
79G,0.055297367
98W,0.05376733
417E,0.052759297
418I,0.051252723
337I,0.051169436
392R,0.050482634
96L,0.046096765
235H,0.044393208
234A,0.044185508
414C,0.04177064
229H,0.041711908
122C,0.04128868
62R,0.03859346
230V,0.038411546
78S,0.03741999
296I,0.037367888
301M,0.03566704
95Y,0.03531329
112L,0.034235545
292M,0.032141328
58A,0.032000963
236L,0.0305695
57T,0.030115861
386F,0.025399921
237I,0.023757681
207G,0.021351727
328V,0.020925486
389S,0.020469919
252F,0.020352589
244E,0.020127572
391R,0.019931797
241V,0.018101595
54M,0.017122123
421R,0.016922727
333A,0.016689947
327A,0.016145034
127F,0.014598512
121A,0.014565425
123R,0.014137144
205F,0.010335885
51G,0.010257549
227N,0.009896223
281W,0.009627154
247V,0.008627734
426W,0.008286083
59N,0.0076112677
278F,0.007223973
385W,0.006538704
56F,0.006406373
240P,0.006163366
250A,0.006155218
75L,0.005992676
331H,0.0056373235
225T,0.0055948524
118G,0.005055885
330H,0.004969558
238H,0.004159856
204A,0.0036683665
52A,0.0020673382
394C,0.0015177764
390S,0.0008167227
53G,0.0
231G,0.0
124R,0.0
336C,0.0
335A,0.0
334G,0.0
332G,0.0
329P,0.0
299W,0.0
206R,0.0
211M,0.0
248N,0.0
22I,0.0
