feature,shap_importance
239Y,1.4985487
55A,0.48948485
80A,0.29051718
81V,0.2779558
253V,0.24838406
94D,0.2335454
416E,0.2168568
97R,0.17964451
117R,0.16952291
233N,0.15295573
425I,0.15146138
115G,0.1414024
111Q,0.1347787
427H,0.1290803
108R,0.12679833
389S,0.12401483
119F,0.12163578
228M,0.12040557
61V,0.12019354
401E,0.11717229
419K,0.11422801
393V,0.10957669
402W,0.10200502
414C,0.09921232
58A,0.098030254
62R,0.096875556
397Y,0.09553176
420D,0.09292496
224R,0.09049873
227N,0.08802598
107K,0.0848342
428F,0.08351308
79G,0.081808895
203F,0.08164996
337I,0.07967338
417E,0.076296166
423H,0.0759474
415F,0.07196371
237I,0.07124503
109L,0.07077629
223A,0.06954106
121A,0.06759589
246M,0.06736654
50I,0.06635312
296I,0.065097794
118G,0.06254687
54M,0.061382096
110Y,0.061248578
95Y,0.060999468
112L,0.060290366
395D,0.05746296
424K,0.057210784
208L,0.0570008
297D,0.05388887
122C,0.05185039
254S,0.051525068
386F,0.049929097
236L,0.048589267
82P,0.047812704
238H,0.046420604
225T,0.04525937
226L,0.0437252
301M,0.043564774
392R,0.042195737
292M,0.04070508
202K,0.04033406
120E,0.04015526
229H,0.039576538
100D,0.039188176
99V,0.038916416
396L,0.03833224
76R,0.038295683
78S,0.038032293
96L,0.035189874
418I,0.03495449
249I,0.03338609
421R,0.033350874
422S,0.030055394
98W,0.02983465
127F,0.029389324
244E,0.0292519
230V,0.026440367
281W,0.026008718
385W,0.025595546
234A,0.025380861
123R,0.025363231
247V,0.024153262
59N,0.023591217
328V,0.02232362
394C,0.021430215
391R,0.01792569
207G,0.016599493
75L,0.01587492
57T,0.015821714
52A,0.015572607
205F,0.015083714
241V,0.014557558
426W,0.01260143
251A,0.012219171
327A,0.012207925
235H,0.011831845
211M,0.009863908
331H,0.0076569146
204A,0.0070006014
278F,0.0068370155
250A,0.0067730634
330H,0.005731705
333A,0.0045683216
336C,0.003025805
252F,0.0028102086
56F,0.002776296
231G,0.0
51G,0.0
53G,0.0
124R,0.0
206R,0.0
390S,0.0
240P,0.0
248N,0.0
299W,0.0
329P,0.0
332G,0.0
334G,0.0
335A,0.0
22I,0.0
