feature,shap_importance
239Y,1.5159032
94D,0.37942442
428F,0.33617225
55A,0.3227055
117R,0.27832854
78S,0.24949214
97R,0.24592681
254S,0.2426834
80A,0.22693875
107K,0.22477823
81V,0.21620792
402W,0.20570205
419K,0.19778699
424K,0.19340248
108R,0.165928
397Y,0.16174906
253V,0.15873905
115G,0.15184134
297D,0.15178822
233N,0.14743227
425I,0.1430074
417E,0.13719341
246M,0.13693333
395D,0.13481858
392R,0.13000959
236L,0.121961914
296I,0.114179954
423H,0.10786554
427H,0.102272354
111Q,0.09849182
244E,0.092629336
224R,0.092332914
415F,0.08917678
112L,0.087713234
416E,0.08448054
98W,0.08303769
422S,0.08180222
393V,0.08143974
247V,0.0809731
229H,0.079004176
208L,0.07781917
225T,0.07624872
223A,0.07623731
226L,0.075073294
249I,0.07447197
79G,0.07110624
110Y,0.07005258
76R,0.06945581
99V,0.06738435
292M,0.065190874
95Y,0.063291565
119F,0.06311019
109L,0.062571734
251A,0.06206906
54M,0.060559288
401E,0.05994937
230V,0.059292633
58A,0.05714546
386F,0.056242775
414C,0.054623686
337I,0.053452507
227N,0.052044846
420D,0.050414763
418I,0.049180288
50I,0.048209228
327A,0.048074577
396L,0.04604563
75L,0.045861226
207G,0.044335943
82P,0.042798486
203F,0.041529402
62R,0.04035515
228M,0.03974078
120E,0.03827011
61V,0.038206883
96L,0.036153983
237I,0.03420164
328V,0.033057768
250A,0.032227777
205F,0.030768389
118G,0.028349422
59N,0.02625443
301M,0.024040367
394C,0.023744393
278F,0.023325086
336C,0.023214266
57T,0.022987932
389S,0.021704655
127F,0.020723876
122C,0.019318648
123R,0.019106042
100D,0.01630957
202K,0.01498025
281W,0.014367713
241V,0.013627565
333A,0.010770264
121A,0.0104550505
238H,0.009662456
421R,0.009295806
234A,0.008262749
391R,0.007828223
385W,0.0073620747
204A,0.0060107047
211M,0.0041059926
252F,0.0035415352
390S,0.003074036
331H,0.0016297261
56F,0.0014404298
235H,0.0012829835
240P,0.0012579861
330H,0.0005972607
335A,0.0
334G,0.0
332G,0.0
329P,0.0
299W,0.0
248N,0.0
231G,0.0
206R,0.0
124R,0.0
53G,0.0
52A,0.0
426W,0.0
51G,0.0
22I,0.0
