feature,shap_importance
239Y,1.091641
55A,1.0164676
397Y,0.39856037
81V,0.34499222
94D,0.26931006
416E,0.23367427
97R,0.2117041
117R,0.20833781
108R,0.18994786
236L,0.1623354
50I,0.15421622
80A,0.14142372
420D,0.13843273
401E,0.13634449
115G,0.13402244
428F,0.13077703
253V,0.12963545
415F,0.12841034
417E,0.12783675
119F,0.12407579
425I,0.11695479
427H,0.106058374
111Q,0.10000242
224R,0.09803565
76R,0.09718038
419K,0.09157752
423H,0.084197804
395D,0.08348368
122C,0.07636007
227N,0.07490152
246M,0.07482164
247V,0.07395585
62R,0.07390284
107K,0.07295105
393V,0.072930746
110Y,0.06902716
226L,0.06856336
414C,0.06544419
251A,0.060841262
418I,0.059970886
78S,0.057763968
98W,0.057638597
208L,0.05645076
79G,0.055964258
120E,0.054141395
230V,0.052738085
254S,0.051701814
228M,0.051675517
203F,0.051215574
424K,0.050829142
249I,0.050817147
112L,0.045404814
392R,0.045350503
109L,0.045156367
297D,0.04502631
225T,0.044748195
233N,0.044410456
396L,0.04386396
61V,0.041990105
296I,0.039806627
207G,0.03779787
250A,0.03671225
237I,0.036317065
95Y,0.03608059
252F,0.033828672
337I,0.032537762
402W,0.032488313
223A,0.032223236
244E,0.030870445
422S,0.028892655
57T,0.028785992
205F,0.028234873
386F,0.026758423
58A,0.024888918
118G,0.02433798
301M,0.023428597
327A,0.022819584
278F,0.022288658
59N,0.021291018
54M,0.01774925
82P,0.016297009
331H,0.015436783
336C,0.015386857
56F,0.015264383
75L,0.015251491
281W,0.015085165
421R,0.014656425
328V,0.014622838
204A,0.014226921
385W,0.014020078
127F,0.012824615
229H,0.012639454
99V,0.0125974845
240P,0.012584377
123R,0.011733928
96L,0.011264039
389S,0.010436068
292M,0.009790157
235H,0.009336228
333A,0.0091877375
238H,0.008740537
241V,0.008662166
100D,0.006281579
202K,0.005863474
121A,0.0056725764
330H,0.004555921
234A,0.0042613833
394C,0.0038559246
426W,0.0031342262
391R,0.0016332772
335A,0.0012404675
211M,0.0011814235
248N,0.0
390S,0.0
231G,0.0
206R,0.0
299W,0.0
124R,0.0
329P,0.0
332G,0.0
53G,0.0
52A,0.0
334G,0.0
51G,0.0
22I,0.0
