feature,shap_importance
239Y,1.2189534
55A,0.5201474
97R,0.3133865
81V,0.2972009
117R,0.23801531
94D,0.22042781
425I,0.20985723
427H,0.20910566
115G,0.1822761
107K,0.15976325
420D,0.1593591
297D,0.15631494
253V,0.15549037
416E,0.15193914
111Q,0.1431305
417E,0.14294471
224R,0.14058481
401E,0.13974081
78S,0.13785872
108R,0.13740516
415F,0.13579832
428F,0.13384451
236L,0.13330092
397Y,0.13189007
393V,0.1107624
402W,0.1082175
80A,0.10504378
423H,0.10161109
226L,0.101170905
414C,0.09953551
254S,0.09869969
229H,0.09812893
112L,0.09258653
424K,0.08967746
110Y,0.087955564
98W,0.08692849
246M,0.08400276
233N,0.083990544
76R,0.07445283
249I,0.07172717
109L,0.07116388
386F,0.069651335
251A,0.06575595
50I,0.06324845
82P,0.062820874
419K,0.06274541
247V,0.06268633
225T,0.062308937
118G,0.06199772
203F,0.06119398
54M,0.06026076
207G,0.05962206
392R,0.05829591
122C,0.056571096
100D,0.056384247
228M,0.055256013
119F,0.054939955
337I,0.05454386
61V,0.051944427
418I,0.047701858
296I,0.044386733
123R,0.04392211
96L,0.04093924
120E,0.03889029
95Y,0.037613824
234A,0.037565343
395D,0.03715244
99V,0.035899192
396L,0.03589848
59N,0.0357387
244E,0.03360135
252F,0.032752525
327A,0.031530123
79G,0.031429462
328V,0.031109495
391R,0.02912676
385W,0.028303334
121A,0.027274001
301M,0.026738547
230V,0.02667762
57T,0.026062492
281W,0.02516318
278F,0.023822712
389S,0.023143416
235H,0.020066788
227N,0.01946929
127F,0.0192821
75L,0.018908124
422S,0.018841853
62R,0.01835453
223A,0.018147897
56F,0.018014528
204A,0.01605887
292M,0.015358955
394C,0.01249845
237I,0.012423429
336C,0.011895908
205F,0.011423808
241V,0.011275696
208L,0.010057902
421R,0.009751197
238H,0.009445795
331H,0.007983066
58A,0.0068633864
250A,0.0055831503
426W,0.0053241877
52A,0.004846934
211M,0.0046348865
333A,0.0045053465
330H,0.0032787884
240P,0.00076312886
51G,0.0
53G,0.0
299W,0.0
124R,0.0
202K,0.0
206R,0.0
231G,0.0
390S,0.0
248N,0.0
335A,0.0
334G,0.0
332G,0.0
329P,0.0
22I,0.0
