feature,shap_importance
239Y,1.1053818
55A,1.0238538
397Y,0.3449475
81V,0.32105142
94D,0.26142818
117R,0.24119931
97R,0.23178266
416E,0.22757724
108R,0.18066348
236L,0.1601558
80A,0.15570086
428F,0.14845216
50I,0.14555787
115G,0.14349751
401E,0.14156766
415F,0.13334695
119F,0.13059233
420D,0.12791921
425I,0.11759686
427H,0.106978424
417E,0.10684201
253V,0.10576022
395D,0.10240291
419K,0.100204475
226L,0.0845253
111Q,0.08005055
423H,0.079518884
76R,0.07915029
246M,0.07790388
122C,0.07469289
224R,0.07418681
414C,0.069244884
78S,0.06892304
251A,0.068877354
98W,0.066747196
107K,0.062383384
254S,0.058848947
203F,0.057223454
110Y,0.0560318
247V,0.055618115
227N,0.054966085
79G,0.05464799
392R,0.054210734
297D,0.05359612
418I,0.05185139
393V,0.050858725
62R,0.05033844
230V,0.050151017
249I,0.047661666
208L,0.04564028
424K,0.0447102
396L,0.044113934
57T,0.043804616
228M,0.043665152
402W,0.043427803
120E,0.042745892
207G,0.04117206
233N,0.04113979
296I,0.03960507
223A,0.038488448
422S,0.036326814
225T,0.03555251
278F,0.03543292
54M,0.0346396
112L,0.03436625
237I,0.033657815
252F,0.03362117
205F,0.033451945
109L,0.03300347
58A,0.032435805
327A,0.031733893
61V,0.031589642
337I,0.02891013
331H,0.028409231
250A,0.026006993
328V,0.025790533
386F,0.024090277
301M,0.022690333
99V,0.021499725
56F,0.020279706
96L,0.01986706
336C,0.01933648
421R,0.017895006
385W,0.017860914
118G,0.017263744
333A,0.016536482
123R,0.015549524
121A,0.015348803
59N,0.015159382
240P,0.014405363
82P,0.013406323
127F,0.012513834
95Y,0.012219498
426W,0.012125442
244E,0.012059683
281W,0.011363084
204A,0.011294196
75L,0.010683443
238H,0.010529405
202K,0.008194763
229H,0.008166173
241V,0.007863837
292M,0.007687583
389S,0.0061711473
211M,0.00413848
235H,0.0037834956
100D,0.0034956513
330H,0.0034402178
391R,0.0017299794
394C,0.0016579389
231G,0.0
51G,0.0
52A,0.0
53G,0.0
124R,0.0
206R,0.0
248N,0.0
234A,0.0
299W,0.0
329P,0.0
332G,0.0
334G,0.0
335A,0.0
390S,0.0
22I,0.0
