feature,shap_importance
239Y,1.3935843
55A,0.34351975
94D,0.2853448
428F,0.26092127
97R,0.25569424
117R,0.24133053
78S,0.23027417
254S,0.22166905
402W,0.19827677
80A,0.1945281
81V,0.17795244
417E,0.16237578
108R,0.15547377
424K,0.15322872
397Y,0.14656189
297D,0.13586698
115G,0.13230075
425I,0.1321746
419K,0.13124153
107K,0.12826511
296I,0.123057626
253V,0.118941754
233N,0.1131054
246M,0.11305182
427H,0.11044498
236L,0.100344285
395D,0.0939212
392R,0.091665454
423H,0.091155276
393V,0.09022267
224R,0.08800857
416E,0.07654212
98W,0.07613744
111Q,0.074553
226L,0.07424007
415F,0.074018314
208L,0.07089771
244E,0.0693271
119F,0.06687141
76R,0.06372391
225T,0.06346697
95Y,0.061773553
54M,0.060186964
292M,0.059403483
247V,0.058637828
110Y,0.055767152
420D,0.052769765
99V,0.052287288
386F,0.050826576
112L,0.0482001
207G,0.047498006
58A,0.047254644
50I,0.04716349
230V,0.04681862
75L,0.04613151
249I,0.045656234
401E,0.043350197
223A,0.041085877
227N,0.041004065
203F,0.04007676
422S,0.03977517
205F,0.039486993
79G,0.039013766
414C,0.038639322
61V,0.036915816
251A,0.03568724
337I,0.03527878
96L,0.035160366
109L,0.033790886
229H,0.033465046
418I,0.03145689
62R,0.02994421
396L,0.029551696
228M,0.028901765
120E,0.027580226
59N,0.027550614
100D,0.027187191
118G,0.026779447
82P,0.02617015
336C,0.024279704
250A,0.024250286
389S,0.021614498
122C,0.019526266
127F,0.016232053
202K,0.015552377
301M,0.01509108
237I,0.014534106
327A,0.013905208
278F,0.013141401
333A,0.009923513
281W,0.009803754
121A,0.009057461
328V,0.008820043
238H,0.008497186
57T,0.008170676
391R,0.008087116
241V,0.007550491
123R,0.0071872706
235H,0.0053171655
204A,0.0043874593
394C,0.004218686
331H,0.0041902396
390S,0.0030469247
426W,0.0028406056
421R,0.002771983
211M,0.0020819807
385W,0.0020581551
234A,0.0020014995
22I,0.00079900323
334G,0.0
51G,0.0
335A,0.0
52A,0.0
53G,0.0
56F,0.0
124R,0.0
299W,0.0
252F,0.0
206R,0.0
330H,0.0
231G,0.0
329P,0.0
240P,0.0
248N,0.0
332G,0.0
