feature,shap_importance
239Y,1.4536605
55A,0.4999967
80A,0.28081372
81V,0.24992907
94D,0.23716134
253V,0.22756854
416E,0.21420936
97R,0.21402165
117R,0.20598376
233N,0.15614955
111Q,0.14376566
425I,0.14322059
401E,0.13347082
228M,0.13112757
119F,0.12490791
61V,0.123742364
393V,0.12238359
115G,0.1201528
427H,0.11784415
389S,0.11580735
108R,0.11396401
337I,0.11069285
397Y,0.10611015
62R,0.10523344
203F,0.10387463
402W,0.10070108
419K,0.098394014
224R,0.094485015
58A,0.093904495
428F,0.08449821
414C,0.08144175
420D,0.07870942
227N,0.07561746
237I,0.074084826
423H,0.07113884
107K,0.069141686
54M,0.06829794
395D,0.067843616
118G,0.06746594
110Y,0.065964706
296I,0.06570135
112L,0.06466955
109L,0.06367079
122C,0.063075654
95Y,0.06187807
121A,0.061171282
208L,0.059753686
79G,0.05878486
417E,0.058522873
50I,0.056927808
415F,0.055813387
386F,0.054855645
301M,0.05230453
223A,0.05017358
225T,0.050068717
418I,0.04735957
297D,0.0462988
392R,0.046297934
202K,0.046202622
82P,0.04612396
226L,0.044918098
246M,0.043376558
254S,0.043231286
120E,0.03996643
236L,0.038561463
76R,0.0382304
292M,0.03710702
96L,0.037022207
99V,0.035922688
424K,0.035818707
100D,0.035153303
238H,0.03473848
98W,0.032795247
421R,0.03190455
331H,0.03073923
422S,0.02870084
328V,0.02858036
396L,0.027963376
127F,0.02700314
229H,0.025648298
249I,0.02543002
244E,0.025342561
234A,0.024324816
59N,0.023194658
230V,0.022646757
52A,0.02123604
426W,0.021227844
247V,0.02062852
78S,0.018267356
391R,0.017414559
123R,0.01659274
250A,0.015513457
75L,0.014891386
281W,0.014205551
394C,0.013616981
241V,0.013577552
385W,0.012479136
252F,0.011920623
207G,0.011749854
251A,0.011484867
278F,0.011381594
211M,0.00890166
205F,0.008588562
235H,0.0085356925
333A,0.007943386
56F,0.006861504
327A,0.0057806275
57T,0.004798741
330H,0.004263761
336C,0.0030350832
204A,0.0016885763
390S,0.0
206R,0.0
51G,0.0
53G,0.0
124R,0.0
248N,0.0
231G,0.0
240P,0.0
299W,0.0
329P,0.0
332G,0.0
334G,0.0
335A,0.0
22I,0.0
