feature,shap_importance
239Y,1.2600505
55A,0.50628597
97R,0.31574947
81V,0.29590592
117R,0.24030654
425I,0.22226793
94D,0.2007291
115G,0.19476357
427H,0.19292927
417E,0.1794534
107K,0.17117094
297D,0.16569
428F,0.16312864
420D,0.16297442
397Y,0.1493972
78S,0.1485859
415F,0.14110774
224R,0.14091465
253V,0.13721474
108R,0.13056605
416E,0.12653916
236L,0.1264233
402W,0.12239793
111Q,0.121525526
393V,0.11947091
226L,0.11594533
414C,0.11347835
401E,0.11250108
80A,0.10959825
423H,0.10783218
233N,0.097961314
254S,0.09759479
110Y,0.09750323
98W,0.0928302
246M,0.08206315
112L,0.08122545
424K,0.08092224
225T,0.07999757
392R,0.078020304
229H,0.07676299
109L,0.07219216
251A,0.07028069
419K,0.06945156
50I,0.06914618
76R,0.06881797
54M,0.06739162
82P,0.06561819
386F,0.06402149
203F,0.06308021
120E,0.062251665
228M,0.061645336
119F,0.060208566
118G,0.055916443
207G,0.051993784
247V,0.05178056
296I,0.04422363
418I,0.04374335
249I,0.042073674
100D,0.041389704
396L,0.04087867
96L,0.04037538
337I,0.038618986
61V,0.036964837
122C,0.036891945
395D,0.035006493
327A,0.03323912
99V,0.0331569
95Y,0.03282763
59N,0.03165549
79G,0.03138477
244E,0.031206531
252F,0.03110506
328V,0.029785581
62R,0.029649781
301M,0.029482305
391R,0.029354721
234A,0.0286782
121A,0.026889982
278F,0.026140518
230V,0.02543328
389S,0.02287921
235H,0.021090686
127F,0.02103625
57T,0.020957343
422S,0.020940892
208L,0.020344652
281W,0.019628808
237I,0.019133722
204A,0.017777776
394C,0.01741887
56F,0.016890315
385W,0.016651297
227N,0.015706085
223A,0.014828112
421R,0.0141058015
292M,0.013432549
123R,0.012028276
241V,0.010875355
205F,0.009625995
75L,0.009545192
250A,0.008983239
331H,0.008882815
58A,0.00869932
238H,0.007716813
52A,0.007269045
336C,0.006293756
333A,0.006003878
211M,0.004873068
202K,0.0034074194
426W,0.0022953558
330H,0.00187041
299W,0.0
53G,0.0
248N,0.0
51G,0.0
240P,0.0
124R,0.0
329P,0.0
206R,0.0
332G,0.0
334G,0.0
231G,0.0
390S,0.0
335A,0.0
22I,0.0
