feature,shap_importance
239Y,1.2316542
55A,0.39389402
80A,0.35831282
397Y,0.2748378
425I,0.27443475
97R,0.26324934
94D,0.25658685
416E,0.24477175
117R,0.21065481
81V,0.18164515
253V,0.17221057
297D,0.17021616
226L,0.16904236
107K,0.16005792
224R,0.1510827
427H,0.13870722
115G,0.1313683
119F,0.12614115
108R,0.12568237
249I,0.120069034
208L,0.1181329
100D,0.117370635
76R,0.106341496
402W,0.106265225
422S,0.10330476
423H,0.09938571
228M,0.09929141
401E,0.09834819
420D,0.092616834
233N,0.0886454
246M,0.084649816
110Y,0.08367846
254S,0.08092836
415F,0.08054682
395D,0.077782676
419K,0.07657554
424K,0.076348215
99V,0.07312082
223A,0.07016946
50I,0.06723955
393V,0.067133754
396L,0.067124054
203F,0.06603508
82P,0.064359784
337I,0.06299215
428F,0.060680687
109L,0.058776792
414C,0.057430003
79G,0.056796867
120E,0.056175005
98W,0.055447258
111Q,0.055065334
417E,0.05430597
251A,0.050781198
296I,0.0487602
95Y,0.046598367
392R,0.046131983
61V,0.045314923
418I,0.044601656
235H,0.043318328
96L,0.042378135
301M,0.040328916
202K,0.040126227
62R,0.038813017
230V,0.03737867
57T,0.03530619
78S,0.034320727
58A,0.034216415
122C,0.0339093
236L,0.032110915
234A,0.029606564
292M,0.027034335
54M,0.02658157
229H,0.02522568
121A,0.024603436
244E,0.024373267
252F,0.022606378
207G,0.022530114
328V,0.022158956
250A,0.01996439
112L,0.018814676
391R,0.018120661
56F,0.01767892
247V,0.017320475
386F,0.015859568
333A,0.014407258
278F,0.0138466135
327A,0.013772904
385W,0.013752059
123R,0.01371986
227N,0.013372517
426W,0.012953101
421R,0.012482036
241V,0.011251812
127F,0.0106467735
237I,0.008962274
389S,0.00840287
75L,0.0074141934
330H,0.007356215
59N,0.0072982744
51G,0.0070226216
225T,0.0067355246
281W,0.0064181373
238H,0.0057871435
205F,0.0052346056
331H,0.0050056935
118G,0.004179439
240P,0.0036567422
336C,0.00351308
52A,0.0030275192
394C,0.0014222142
211M,0.0011750731
390S,0.0008083398
204A,0.00066883705
53G,0.0
231G,0.0
124R,0.0
335A,0.0
334G,0.0
332G,0.0
329P,0.0
299W,0.0
206R,0.0
248N,0.0
22I,0.0
