feature,shap_importance
239Y,0.8511754
80A,0.3770567
55A,0.32601187
397Y,0.29186383
97R,0.27555054
416E,0.26057065
94D,0.2516502
337I,0.2118126
253V,0.20727013
81V,0.15739778
119F,0.15607835
123R,0.13091813
203F,0.12829457
392R,0.1247085
417E,0.12409618
99V,0.11668815
112L,0.113090724
419K,0.11211283
423H,0.11000462
61V,0.10948624
120E,0.1070948
425I,0.106587596
228M,0.10262618
420D,0.10066434
254S,0.0997396
98W,0.09878869
393V,0.09666048
78S,0.09317571
224R,0.090623766
427H,0.08820847
62R,0.08725001
76R,0.08718493
111Q,0.07845289
75L,0.07803178
115G,0.076344825
227N,0.07273151
247V,0.07207136
296I,0.07028608
108R,0.069491565
233N,0.06746353
389S,0.06703564
58A,0.063275464
428F,0.05981999
238H,0.05766454
79G,0.057453953
117R,0.056918625
54M,0.052571964
415F,0.051677182
331H,0.04867904
402W,0.047793575
100D,0.045935586
225T,0.040113546
301M,0.03980952
418I,0.03594953
229H,0.035357572
244E,0.032358572
230V,0.029567936
422S,0.027644295
226L,0.026432477
401E,0.020706417
414C,0.020227904
424K,0.019790348
57T,0.019637156
281W,0.019550933
208L,0.018629303
250A,0.0179727
297D,0.017675525
328V,0.017604582
236L,0.017433483
202K,0.016308498
278F,0.016034737
246M,0.015885795
107K,0.015229953
95Y,0.013234687
96L,0.0130974725
234A,0.013011738
110Y,0.011752009
207G,0.010725191
121A,0.0077681676
426W,0.0068104616
82P,0.006104889
237I,0.0060222535
122C,0.005601009
385W,0.003906461
395D,0.003879212
394C,0.003074681
127F,0.0029618207
251A,0.002455485
241V,0.0020188307
109L,0.001977771
396L,0.0
391R,0.0
421R,0.0
390S,0.0
386F,0.0
22I,0.0
336C,0.0
231G,0.0
51G,0.0
52A,0.0
53G,0.0
56F,0.0
59N,0.0
118G,0.0
124R,0.0
204A,0.0
205F,0.0
206R,0.0
211M,0.0
223A,0.0
50I,0.0
335A,0.0
240P,0.0
248N,0.0
249I,0.0
252F,0.0
292M,0.0
299W,0.0
327A,0.0
329P,0.0
330H,0.0
332G,0.0
333A,0.0
334G,0.0
235H,0.0
