feature,shap_importance
239Y,0.9883008
97R,0.5321876
428F,0.38944218
397Y,0.36096752
254S,0.33302206
80A,0.29961056
117R,0.29745477
402W,0.25879234
81V,0.25872317
297D,0.25504604
55A,0.24649149
78S,0.2291575
112L,0.20275119
233N,0.20164523
236L,0.19184119
392R,0.18659167
224R,0.18321604
94D,0.17090681
424K,0.16419205
425I,0.15888189
110Y,0.1526142
54M,0.14366667
423H,0.1431832
253V,0.14105922
61V,0.13135853
120E,0.12826335
337I,0.1270147
62R,0.12172833
58A,0.11717923
108R,0.10816233
419K,0.10347429
393V,0.10230175
75L,0.09998779
301M,0.099788845
420D,0.09963444
111Q,0.09836738
98W,0.09729245
417E,0.096157126
416E,0.09345262
115G,0.0915957
228M,0.087417215
107K,0.08723843
76R,0.083767794
427H,0.08300093
95Y,0.08225146
418I,0.080261305
415F,0.07987152
395D,0.07952221
244E,0.07802762
230V,0.076833636
119F,0.076420076
296I,0.07470199
227N,0.073581524
99V,0.07088426
422S,0.0636473
226L,0.06357704
208L,0.06211614
414C,0.061566412
82P,0.059469793
123R,0.058712177
331H,0.05614423
328V,0.055307485
202K,0.052949432
247V,0.05195356
292M,0.04748831
229H,0.046014514
205F,0.04294186
100D,0.039423656
327A,0.037847318
203F,0.037789274
122C,0.036746763
246M,0.03161614
207G,0.030883767
249I,0.029745836
79G,0.028172627
96L,0.025507744
250A,0.025475325
57T,0.025224669
394C,0.021320067
385W,0.019793306
238H,0.019123832
109L,0.019064754
281W,0.018918278
401E,0.0149369305
396L,0.014646322
389S,0.011002054
59N,0.010265904
225T,0.009853263
251A,0.008377134
234A,0.0068007796
426W,0.0066335415
278F,0.003877957
237I,0.0026554663
390S,0.0
391R,0.0
386F,0.0
421R,0.0
22I,0.0
336C,0.0
223A,0.0
51G,0.0
52A,0.0
53G,0.0
56F,0.0
118G,0.0
121A,0.0
124R,0.0
127F,0.0
204A,0.0
206R,0.0
211M,0.0
231G,0.0
335A,0.0
50I,0.0
240P,0.0
241V,0.0
248N,0.0
252F,0.0
299W,0.0
329P,0.0
330H,0.0
332G,0.0
333A,0.0
334G,0.0
235H,0.0
