feature,shap_importance
239Y,0.8424206
97R,0.49631125
55A,0.36628833
117R,0.31903166
397Y,0.3124108
297D,0.29689664
428F,0.28996357
81V,0.27206066
94D,0.27120262
80A,0.2685815
420D,0.26485336
254S,0.22812961
417E,0.2220346
253V,0.21526588
78S,0.19243121
392R,0.18721859
108R,0.18595937
233N,0.17990956
123R,0.1733574
393V,0.16585024
224R,0.16317911
423H,0.16196471
112L,0.15979165
416E,0.15147191
236L,0.15066499
427H,0.14761314
402W,0.14583692
227N,0.1388269
61V,0.13597535
415F,0.13438366
337I,0.1308833
122C,0.13017845
62R,0.12442464
425I,0.12273305
120E,0.11551601
229H,0.11454075
111Q,0.11275742
401E,0.11275521
100D,0.1059074
99V,0.10501118
419K,0.10430744
54M,0.104030006
115G,0.10192972
424K,0.101562895
75L,0.099072896
96L,0.09593897
58A,0.09314054
246M,0.09216959
79G,0.08503139
203F,0.08266856
76R,0.08015791
228M,0.07786499
418I,0.073211625
226L,0.06910695
110Y,0.06513783
119F,0.063197054
251A,0.062238894
98W,0.061123673
247V,0.059228577
386F,0.050988317
230V,0.05025304
301M,0.048471976
95Y,0.048130203
207G,0.04145325
396L,0.041043468
107K,0.040180758
208L,0.038705837
223A,0.03811602
422S,0.037834793
389S,0.037301034
414C,0.034355246
50I,0.031409662
241V,0.031342573
331H,0.028490644
385W,0.025338061
244E,0.024600038
328V,0.024165556
296I,0.02251304
395D,0.022246746
281W,0.021663668
82P,0.019955546
292M,0.017436301
109L,0.0148746995
327A,0.014867195
234A,0.013658447
249I,0.013482988
238H,0.013345111
202K,0.01112255
225T,0.0064374
57T,0.005709641
250A,0.005419257
426W,0.005164138
333A,0.004662566
237I,0.0024873114
421R,0.0
391R,0.0
390S,0.0
394C,0.0
22I,0.0
336C,0.0
335A,0.0
51G,0.0
52A,0.0
53G,0.0
56F,0.0
59N,0.0
118G,0.0
121A,0.0
124R,0.0
127F,0.0
204A,0.0
205F,0.0
206R,0.0
211M,0.0
231G,0.0
240P,0.0
248N,0.0
252F,0.0
278F,0.0
299W,0.0
329P,0.0
330H,0.0
332G,0.0
334G,0.0
235H,0.0
