feature,shap_importance
239Y,0.8437582
97R,0.478258
55A,0.37504372
117R,0.31114906
397Y,0.30836597
428F,0.2978135
81V,0.28980082
297D,0.2752789
80A,0.2722363
94D,0.26696265
420D,0.26542765
254S,0.23560476
417E,0.23227951
253V,0.20942968
78S,0.19890037
108R,0.18695349
393V,0.18544029
392R,0.18172061
233N,0.17809074
123R,0.17159337
224R,0.17044555
402W,0.15702917
416E,0.15614423
61V,0.15170778
112L,0.14843115
423H,0.14235389
236L,0.14228359
337I,0.14166433
122C,0.13414136
227N,0.13078646
427H,0.12950066
401E,0.124206975
425I,0.11866587
229H,0.11232109
120E,0.11102599
75L,0.10909641
415F,0.10821555
115G,0.10779715
111Q,0.10721861
419K,0.10450691
96L,0.10222314
54M,0.10067926
79G,0.1005833
62R,0.099751994
99V,0.099703655
424K,0.09488558
228M,0.09453699
100D,0.09155115
418I,0.08460834
203F,0.08295959
58A,0.08199982
226L,0.08016798
119F,0.07798679
246M,0.07748392
76R,0.07353373
251A,0.06969973
247V,0.06364717
95Y,0.063479915
110Y,0.056336712
98W,0.053888187
107K,0.051884286
208L,0.0458896
386F,0.04310064
301M,0.043059845
230V,0.040970396
241V,0.037630603
389S,0.03395052
422S,0.03392716
328V,0.032545708
50I,0.03096138
414C,0.030930322
223A,0.030721758
396L,0.02993735
234A,0.029748062
296I,0.026681246
331H,0.025701785
395D,0.02528139
385W,0.023584865
57T,0.022038866
207G,0.020235606
281W,0.01954357
244E,0.019264968
249I,0.014889553
109L,0.013713822
225T,0.012910359
82P,0.012108315
292M,0.011180851
202K,0.010454855
238H,0.010029338
327A,0.009278568
394C,0.008619625
426W,0.005164138
333A,0.0045268633
250A,0.0038882461
237I,0.0024873114
391R,0.0
390S,0.0
421R,0.0
22I,0.0
336C,0.0
335A,0.0
51G,0.0
52A,0.0
53G,0.0
56F,0.0
59N,0.0
118G,0.0
121A,0.0
124R,0.0
127F,0.0
204A,0.0
205F,0.0
206R,0.0
211M,0.0
231G,0.0
240P,0.0
248N,0.0
252F,0.0
278F,0.0
299W,0.0
329P,0.0
330H,0.0
332G,0.0
334G,0.0
235H,0.0
