feature,shap_importance
239Y,0.749557
97R,0.42035335
397Y,0.34537435
80A,0.32395402
55A,0.27297103
253V,0.23592913
416E,0.21192303
297D,0.21073285
224R,0.20867398
337I,0.18426844
425I,0.18058006
254S,0.16948375
117R,0.14306614
392R,0.13805854
81V,0.1352407
61V,0.13313602
94D,0.13166602
78S,0.121216476
115G,0.11856837
119F,0.11026614
120E,0.10866874
415F,0.101980634
418I,0.0997453
423H,0.098500654
123R,0.09703106
98W,0.09686677
233N,0.08711161
420D,0.08316101
393V,0.08286594
107K,0.08023213
396L,0.0797565
100D,0.07776785
417E,0.076299846
422S,0.074581325
428F,0.07449095
110Y,0.07426745
108R,0.07072302
227N,0.06625816
427H,0.06287009
122C,0.062494006
99V,0.06241712
402W,0.060195282
62R,0.059539817
223A,0.05378233
331H,0.052765578
419K,0.049270984
76R,0.04900294
228M,0.04872338
79G,0.048053846
95Y,0.04622776
226L,0.044433184
208L,0.04224281
112L,0.04147036
202K,0.039520517
230V,0.036150366
229H,0.035575204
203F,0.035400186
236L,0.034486435
111Q,0.032758195
395D,0.03153977
424K,0.030456945
401E,0.030237574
244E,0.030019782
251A,0.029599933
109L,0.029229492
246M,0.028293261
241V,0.026837451
75L,0.02453589
296I,0.023815699
301M,0.02259767
54M,0.019339485
414C,0.018655866
50I,0.018652286
250A,0.01816836
328V,0.017088236
386F,0.01628575
394C,0.01588821
57T,0.013365048
281W,0.011261157
207G,0.010859036
121A,0.010051472
204A,0.008412968
238H,0.008155207
225T,0.007692352
96L,0.0074692504
82P,0.007123375
385W,0.0066989264
327A,0.006256465
247V,0.0054029534
58A,0.0051510986
292M,0.0024060286
249I,0.00224991
426W,0.0
421R,0.0
391R,0.0
390S,0.0
389S,0.0
22I,0.0
336C,0.0
231G,0.0
51G,0.0
52A,0.0
53G,0.0
56F,0.0
59N,0.0
118G,0.0
124R,0.0
127F,0.0
205F,0.0
206R,0.0
211M,0.0
234A,0.0
335A,0.0
237I,0.0
240P,0.0
248N,0.0
252F,0.0
278F,0.0
299W,0.0
329P,0.0
330H,0.0
332G,0.0
333A,0.0
334G,0.0
235H,0.0
