feature,shap_importance
239Y,0.755394
97R,0.42460254
397Y,0.34688705
80A,0.33315364
55A,0.28316554
253V,0.25050965
297D,0.22446017
416E,0.21708131
224R,0.21225482
425I,0.18569401
254S,0.17569381
337I,0.15867308
392R,0.1355586
94D,0.13394369
61V,0.13380285
81V,0.13187844
117R,0.13039407
78S,0.12640554
115G,0.11915291
119F,0.11560135
120E,0.11346085
418I,0.10571313
415F,0.10155491
423H,0.09943774
393V,0.09734804
107K,0.09169443
98W,0.09037051
108R,0.09010137
233N,0.0856808
428F,0.08482431
123R,0.08466087
100D,0.0798748
110Y,0.07978243
396L,0.078423366
99V,0.07465112
420D,0.07032095
227N,0.06616982
419K,0.06577257
427H,0.06486465
422S,0.057785273
417E,0.057470284
62R,0.05488284
122C,0.05465303
208L,0.054344438
79G,0.053144746
226L,0.053080488
331H,0.05301591
402W,0.05212547
111Q,0.047669172
112L,0.046942092
229H,0.044271372
223A,0.04281544
236L,0.041003063
76R,0.04037472
228M,0.037617676
95Y,0.036634646
230V,0.03294702
202K,0.03251927
424K,0.03237819
203F,0.030307341
109L,0.030072864
244E,0.029491223
241V,0.029462975
246M,0.028306067
401E,0.02541957
301M,0.025399972
57T,0.02132513
75L,0.021084113
395D,0.020754267
296I,0.020304596
50I,0.018524054
54M,0.018145915
251A,0.018107494
328V,0.017088236
386F,0.016387315
414C,0.016282387
394C,0.01588821
327A,0.011784403
207G,0.010928445
281W,0.010865614
121A,0.009821478
247V,0.008799608
250A,0.008562427
204A,0.008412968
96L,0.0082108155
238H,0.008155207
225T,0.0079036495
82P,0.007180544
385W,0.0062654605
58A,0.0051865666
292M,0.0024060286
249I,0.00224991
421R,0.0
426W,0.0
391R,0.0
390S,0.0
389S,0.0
22I,0.0
336C,0.0
231G,0.0
51G,0.0
52A,0.0
53G,0.0
56F,0.0
59N,0.0
118G,0.0
124R,0.0
127F,0.0
205F,0.0
206R,0.0
211M,0.0
234A,0.0
335A,0.0
237I,0.0
240P,0.0
248N,0.0
252F,0.0
278F,0.0
299W,0.0
329P,0.0
330H,0.0
332G,0.0
333A,0.0
334G,0.0
235H,0.0
