feature,shap_importance
239Y,0.75191236
55A,0.5680933
397Y,0.4241653
80A,0.3522044
97R,0.34680915
117R,0.3268347
94D,0.2698146
254S,0.26564726
416E,0.24724117
428F,0.22647181
427H,0.2226499
81V,0.21507087
253V,0.20377645
420D,0.19533603
115G,0.18737938
236L,0.1754967
337I,0.17304313
297D,0.17036796
108R,0.16037035
417E,0.15038924
120E,0.15008879
415F,0.1479894
110Y,0.1463244
119F,0.14528164
224R,0.14192253
425I,0.14188233
61V,0.13931492
392R,0.13754366
76R,0.13664043
75L,0.1364458
112L,0.13356084
98W,0.13265756
393V,0.12447029
78S,0.123993315
423H,0.12014677
227N,0.11649457
54M,0.11278402
79G,0.10818349
419K,0.10086443
62R,0.10030317
122C,0.09916016
418I,0.09762999
233N,0.09293858
111Q,0.09237129
208L,0.085695766
246M,0.08112605
123R,0.07648867
58A,0.07265231
95Y,0.07175555
228M,0.06609908
226L,0.065753505
414C,0.06361319
50I,0.06157686
223A,0.058317605
203F,0.05758868
238H,0.054611668
331H,0.0545942
96L,0.053299874
327A,0.050256643
249I,0.050034717
99V,0.049172223
424K,0.04881683
301M,0.047024667
402W,0.045798138
395D,0.043514483
296I,0.043364488
230V,0.04332663
107K,0.042915072
401E,0.042043492
225T,0.041858256
328V,0.039929695
207G,0.036498137
109L,0.035076313
292M,0.034494117
385W,0.032699745
82P,0.03167381
57T,0.031645715
202K,0.031102264
229H,0.030644685
422S,0.02837627
251A,0.028338548
204A,0.02654553
278F,0.026347723
396L,0.02592408
389S,0.024836073
247V,0.017900957
244E,0.016968843
250A,0.016427346
205F,0.015426876
336C,0.012224795
100D,0.011565688
281W,0.0071230587
394C,0.005272967
241V,0.0049004266
421R,0.0
391R,0.0
390S,0.0
426W,0.0
22I,0.0
386F,0.0
335A,0.0
51G,0.0
52A,0.0
53G,0.0
56F,0.0
59N,0.0
118G,0.0
121A,0.0
124R,0.0
127F,0.0
206R,0.0
211M,0.0
231G,0.0
234A,0.0
237I,0.0
240P,0.0
248N,0.0
252F,0.0
299W,0.0
329P,0.0
330H,0.0
332G,0.0
333A,0.0
334G,0.0
235H,0.0
