feature,mean_importance
278F,-0.005442883714201585
118G,-0.0036289318189911767
238H,-0.0027026296803585037
204A,-0.001652865542073556
236L,-0.0016231368131526037
331H,-0.0015283116248284712
56F,-0.0007432125059459116
229H,-0.0005346380291192832
211M,-0.0003512885691277168
233N,-0.0003188001393113149
252F,-0.00029440318737106175
336C,-0.00026854410698522456
389S,-0.000256868712276348
328V,-0.00025061167607007826
251A,-0.0001969688076016718
22I,-0.0001371196218974857
228M,-1.4059961573154033e-05
253V,0.0
254S,0.0
250A,0.0
244E,0.0
241V,0.0
281W,0.0
292M,0.0
427H,0.0
296I,0.0
297D,0.0
231G,0.0
332G,0.0
333A,0.0
426W,0.0
424K,0.0
423H,0.0
422S,0.0
420D,0.0
419K,0.0
418I,0.0
416E,0.0
415F,0.0
402W,0.0
401E,0.0
396L,0.0
395D,0.0
394C,0.0
393V,0.0
392R,0.0
386F,0.0
385W,0.0
337I,0.0
335A,0.0
334G,0.0
329P,0.0
227N,0.0
428F,0.0
81V,0.0
79G,0.0
115G,0.0
117R,0.0
119F,0.0
62R,0.0
109L,0.0
122C,0.0
61V,0.0
108R,0.0
59N,0.0
225T,0.0
124R,0.0
111Q,0.0
127F,0.0
57T,0.0
202K,0.0
100D,0.0
205F,0.0
80A,0.0
97R,0.0
96L,0.0
52A,0.0
94D,0.0
224R,0.0
107K,0.0
76R,0.0
203F,1.7399816249308308e-05
58A,3.227455339340768e-05
53G,0.00017788179036444253
121A,0.00022506609980987857
206R,0.00027170521582402517
112L,0.00028148062857844545
240P,0.00031258048576245925
299W,0.00032387495237746756
414C,0.0003528239531355393
235H,0.0004576351432484804
223A,0.0004686951034470033
99V,0.0005377518328814723
207G,0.0007548242620835533
110Y,0.0009137035637960089
421R,0.0009174050899293685
417E,0.0009301618362829612
391R,0.0009977474129044595
237I,0.0010791211477723995
390S,0.001402753431723891
226L,0.0014091445734452312
230V,0.0014954262232880656
249I,0.0018213638720565805
95Y,0.0018861250965831466
50I,0.001967553882794415
51G,0.0021987502441021657
248N,0.0023537147470586773
247V,0.0025285207912743466
246M,0.002560545568082917
120E,0.0027651666641738794
234A,0.0037548596477439355
330H,0.0038927172934591693
75L,0.004242746540435815
54M,0.00474666703075326
208L,0.0049389432548275995
425I,0.005399290130136047
301M,0.005929504864743129
82P,0.007027135007810425
78S,0.00796549550070913
327A,0.009202284893085898
98W,0.010079498506689677
397Y,0.021880915801868638
123R,0.02654558106205047
55A,0.03181091246289987
239Y,0.15244722201777755
