feature,mean_importance
236L,-0.004148554650748726
54M,-0.0011618612557322328
207G,-0.000985374155482477
206R,-0.0008698235509203789
52A,-0.0007722174701922269
121A,-0.0007339574564265927
417E,-0.0005725371807147495
332G,-0.00046980324230574413
56F,-0.00041880122914594864
127F,-0.00041570428210417897
117R,-0.0003961027520572813
119F,-0.00033209917824603694
249I,-0.000281095327260128
299W,-0.00022274303386127237
394C,-0.0001468094689263344
240P,-0.00013138301215986914
50I,-0.00010050200310554036
229H,-7.938943321192938e-05
205F,-5.0120896474914466e-05
395D,-3.90318562305314e-05
416E,-1.808564247149924e-05
241V,-9.658893615593911e-07
296I,0.0
292M,0.0
281W,0.0
252F,0.0
427H,0.0
244E,0.0
250A,0.0
246M,0.0
247V,0.0
237I,0.0
278F,0.0
248N,0.0
22I,0.0
329P,0.0
426W,0.0
424K,0.0
423H,0.0
422S,0.0
421R,0.0
420D,0.0
419K,0.0
418I,0.0
415F,0.0
401E,0.0
396L,0.0
393V,0.0
392R,0.0
391R,0.0
389S,0.0
385W,0.0
336C,0.0
335A,0.0
334G,0.0
333A,0.0
331H,0.0
297D,0.0
234A,0.0
235H,0.0
108R,0.0
109L,0.0
231G,0.0
107K,0.0
100D,0.0
99V,0.0
97R,0.0
96L,0.0
95Y,0.0
94D,0.0
82P,0.0
80A,0.0
79G,0.0
76R,0.0
62R,0.0
61V,0.0
59N,0.0
58A,0.0
112L,0.0
115G,0.0
428F,0.0
211M,0.0
203F,0.0
122C,0.0
223A,0.0
124R,0.0
224R,0.0
225T,0.0
227N,0.0
228M,0.0
230V,0.0
204A,0.0
386F,6.472902027656601e-05
301M,0.00011133922813670871
337I,0.00020289172302039303
402W,0.00023072681365554626
330H,0.0003243583026289798
208L,0.0005131986914495678
414C,0.0005378939597336263
328V,0.0005518155835002814
120E,0.0005540081444740386
251A,0.0006025239636991309
110Y,0.0006190441429533954
81V,0.0006417992013665775
53G,0.0006980863952993132
327A,0.0009340865147659194
390S,0.0009444682370799429
238H,0.0012770238546406132
123R,0.0013109519456601549
226L,0.0016757600304682762
253V,0.0017429570487015101
51G,0.0018867129551427997
57T,0.0019517218762490573
233N,0.0022204110064621752
111Q,0.0024415574982593613
202K,0.0030946515088641434
98W,0.003686196717355661
118G,0.00542603739812042
75L,0.005868644129521794
425I,0.005945782786395437
397Y,0.011549032751925403
78S,0.014483808541768516
254S,0.024903262448188433
55A,0.03028343424818447
239Y,0.13218135008907497
