feature,mean_importance
75L,-0.002237281514628453
127F,-0.0010651466670061227
202K,-0.0007440149187714074
391R,-0.00029961401273508325
237I,-0.0001488701239859891
390S,-0.00014824669178472582
428F,0.0
244E,0.0
241V,0.0
401E,0.0
238H,0.0
236L,0.0
427H,0.0
234A,0.0
414C,0.0
246M,0.0
228M,0.0
227N,0.0
226L,0.0
225T,0.0
223A,0.0
211M,0.0
230V,0.0
247V,0.0
250A,0.0
415F,0.0
393V,0.0
392R,0.0
389S,0.0
385W,0.0
337I,0.0
334G,0.0
333A,0.0
396L,0.0
249I,0.0
329P,0.0
297D,0.0
296I,0.0
292M,0.0
278F,0.0
254S,0.0
253V,0.0
252F,0.0
251A,0.0
299W,0.0
207G,0.0
224R,0.0
94D,0.0
96L,0.0
95Y,0.0
82P,0.0
81V,0.0
421R,0.0
79G,0.0
422S,0.0
76R,0.0
62R,0.0
61V,0.0
59N,0.0
58A,0.0
423H,0.0
56F,0.0
424K,0.0
425I,0.0
52A,0.0
426W,0.0
50I,0.0
97R,0.0
419K,0.0
395D,0.0
107K,0.0
119F,0.0
120E,0.0
117R,0.0
121A,0.0
115G,0.0
122C,0.0
100D,0.0
112L,0.0
110Y,0.0
417E,0.0
109L,0.0
108R,0.0
124R,0.0
416E,0.0
418I,0.0
118G,0.0
231G,4.053193416408973e-06
248N,5.258981814626473e-05
328V,9.856713242932802e-05
394C,0.00013616249189398743
205F,0.00016666190170686602
327A,0.00018734482184949995
336C,0.00023391767389193684
206R,0.0002453280351001119
53G,0.00024706645795022906
301M,0.000341766442713598
233N,0.0004348759313212991
386F,0.0004498669637992503
397Y,0.0004586915568944194
332G,0.00048417950448373934
330H,0.00048490189575247646
335A,0.0004921455670569008
420D,0.0005992750061224017
203F,0.0007640709609207707
240P,0.0008058001383637103
22I,0.0010958125558347964
235H,0.0012322958375081462
57T,0.001326973995279679
204A,0.0018324804687675834
331H,0.0026437152444131586
208L,0.002646582876160952
402W,0.0028939535393762484
229H,0.003426478183014714
99V,0.0035424530040015557
111Q,0.003605743833451158
281W,0.003786845964190877
54M,0.004088470137993227
123R,0.0058202634247593865
80A,0.0076614129173359306
51G,0.009024358736127659
55A,0.020101838187080157
98W,0.0258589137494565
78S,0.027008577482790064
239Y,0.06947569925341852
