feature,mean_importance
251A,-0.0027478336531570947
281W,-0.0027185189031099675
428F,-0.0020706730620000833
235H,-0.0019760980815597185
228M,-0.0019587197643847086
252F,-0.0015523013851825196
237I,-0.0015142905505273196
231G,-0.0009358984233723833
57T,-0.0008937124002604379
123R,-0.0008340029233628199
78S,-0.0005869209212457704
118G,-0.0004932318905343624
336C,-0.00048593018484546226
417E,-0.00048541423547596716
401E,-0.0004746428838947825
122C,-0.0003971054362240878
327A,-0.00023640790800278922
414C,-0.00019711800985551254
426W,-0.00018236367712329838
233N,-0.00011994776568715614
206R,-0.00011599239020645413
299W,-2.1078491835546666e-05
244E,0.0
247V,0.0
238H,0.0
248N,0.0
236L,0.0
234A,0.0
278F,0.0
292M,0.0
296I,0.0
229H,0.0
297D,0.0
246M,0.0
333A,0.0
331H,0.0
424K,0.0
423H,0.0
422S,0.0
421R,0.0
420D,0.0
419K,0.0
418I,0.0
416E,0.0
415F,0.0
402W,0.0
396L,0.0
395D,0.0
394C,0.0
392R,0.0
389S,0.0
385W,0.0
334G,0.0
329P,0.0
227N,0.0
53G,0.0
225T,0.0
115G,0.0
111Q,0.0
226L,0.0
109L,0.0
108R,0.0
107K,0.0
100D,0.0
99V,0.0
97R,0.0
96L,0.0
117R,0.0
95Y,0.0
82P,0.0
81V,0.0
79G,0.0
76R,0.0
75L,0.0
62R,0.0
61V,0.0
59N,0.0
58A,0.0
56F,0.0
94D,0.0
119F,0.0
110Y,0.0
22I,0.0
120E,0.0
202K,0.0
127F,0.0
203F,0.0
211M,0.0
124R,0.0
204A,0.0
224R,0.0
230V,0.00011416641089614376
391R,0.00014093080553021498
335A,0.00024552102043722267
301M,0.00027657791436535016
240P,0.00029377301162409887
207G,0.00034322436197549157
205F,0.00035226122855773755
253V,0.00040853263965816565
249I,0.00041957713792815097
332G,0.0004374979571843518
386F,0.000537666173416107
54M,0.0006193057527720258
52A,0.0006577308094884993
223A,0.0007419723958326241
112L,0.0007585030633015854
393V,0.0007814156389462701
50I,0.0008676081511949096
337I,0.0009267322765673658
121A,0.0010533478584829226
250A,0.0010812742846567414
390S,0.001284411227083848
51G,0.0013523646500825715
241V,0.001856898950740793
330H,0.0022701938065953
427H,0.0023331810550919264
80A,0.004952512150367627
208L,0.006981327545088378
328V,0.013859437172459299
98W,0.014432414451146357
254S,0.021926242061689027
397Y,0.02260790714593186
55A,0.02263070425767184
425I,0.023366730663314583
239Y,0.15333255724262654
