feature,mean_importance
223A,-0.002016178009147396
59N,-0.0015236261923779804
336C,-0.0009229304744256206
231G,-0.0006311517662853427
127F,-0.0004421032319720464
386F,-0.0003574439448886135
244E,-0.00020174681867926036
390S,-0.00017559992592031115
394C,-8.276453954492169e-05
251A,0.0
235H,0.0
254S,0.0
278F,0.0
281W,0.0
292M,0.0
252F,0.0
253V,0.0
247V,0.0
248N,0.0
296I,0.0
246M,0.0
240P,0.0
238H,0.0
237I,0.0
236L,0.0
427H,0.0
234A,0.0
233N,0.0
249I,0.0
297D,0.0
329P,0.0
327A,0.0
426W,0.0
424K,0.0
423H,0.0
422S,0.0
421R,0.0
420D,0.0
419K,0.0
417E,0.0
415F,0.0
414C,0.0
299W,0.0
402W,0.0
395D,0.0
393V,0.0
392R,0.0
389S,0.0
385W,0.0
337I,0.0
335A,0.0
334G,0.0
331H,0.0
229H,0.0
401E,0.0
228M,0.0
428F,0.0
100D,0.0
75L,0.0
117R,0.0
115G,0.0
112L,0.0
111Q,0.0
110Y,0.0
109L,0.0
119F,0.0
76R,0.0
79G,0.0
107K,0.0
81V,0.0
227N,0.0
94D,0.0
99V,0.0
95Y,0.0
78S,0.0
97R,0.0
120E,0.0
62R,0.0
50I,0.0
52A,0.0
224R,0.0
211M,0.0
208L,0.0
207G,0.0
206R,0.0
121A,0.0
56F,0.0
204A,0.0
58A,0.0
203F,0.0
202K,0.0
124R,0.0
61V,0.0
122C,0.0
57T,0.0
96L,0.0
332G,4.078311558859404e-05
22I,0.00010337293137601123
53G,0.0001329581084964282
333A,0.00017788026151432934
82P,0.00024817185011509756
391R,0.00028163349482355213
250A,0.0006006994993351222
230V,0.0007399548419353197
416E,0.0008683867046880511
51G,0.001038930834357621
396L,0.0010583934444578168
397Y,0.0012016080218360647
330H,0.0013390631853067215
205F,0.0013719458490929703
301M,0.001398202013206773
108R,0.0016324624803841336
225T,0.0022238349012266402
226L,0.0027835965945461672
80A,0.003232228159030259
118G,0.0039443837526129235
425I,0.004483237048663357
418I,0.005282969229444734
328V,0.007209703934858558
54M,0.009888683426189381
241V,0.011640883623636777
55A,0.024549342539426422
98W,0.0357017850572092
123R,0.04068441150115916
239Y,0.13699458481873764
