feature,mean_importance
233N,-0.0030589772217210374
236L,-0.002186170840443835
79G,-0.0017713038497837897
337I,-0.0015059194242458718
251A,-0.0011710216083366197
121A,-0.0009343187607529835
328V,-0.0008729116342744092
234A,-0.0007889298408691348
336C,-0.0003462932874659597
386F,-0.0003338778307770296
118G,-0.00032552844118027835
301M,-0.00030024853377248474
229H,-0.0002700693034182855
55A,-0.00013426581730366927
230V,-0.00011901996812275772
402W,-0.00010297471861351327
203F,-9.921594363633268e-05
332G,-6.0307503760603785e-05
235H,-2.1111928678330117e-05
227N,-1.0227752113767253e-05
390S,0.0
250A,0.0
249I,0.0
248N,0.0
247V,0.0
419K,0.0
246M,0.0
417E,0.0
244E,0.0
421R,0.0
427H,0.0
422S,0.0
423H,0.0
424K,0.0
426W,0.0
238H,0.0
416E,0.0
252F,0.0
253V,0.0
385W,0.0
391R,0.0
392R,0.0
334G,0.0
333A,0.0
394C,0.0
228M,0.0
401E,0.0
414C,0.0
299W,0.0
297D,0.0
296I,0.0
292M,0.0
278F,0.0
415F,0.0
389S,0.0
329P,0.0
22I,0.0
225T,0.0
117R,0.0
76R,0.0
115G,0.0
112L,0.0
111Q,0.0
110Y,0.0
109L,0.0
75L,0.0
78S,0.0
107K,0.0
81V,0.0
226L,0.0
100D,0.0
99V,0.0
82P,0.0
94D,0.0
108R,0.0
119F,0.0
120E,0.0
122C,0.0
224R,0.0
50I,0.0
223A,0.0
211M,0.0
52A,0.0
207G,0.0
53G,0.0
56F,0.0
57T,0.0
58A,0.0
59N,0.0
205F,0.0
204A,0.0
202K,0.0
61V,0.0
124R,0.0
123R,0.0
95Y,0.0
96L,0.0
331H,1.2561402299415825e-05
335A,0.0002337757750888736
206R,0.00026255132492776224
327A,0.0005985840490823735
241V,0.0008515024988981379
418I,0.0008672459420817402
127F,0.0009872474624938565
428F,0.0011615984198333873
395D,0.0011886791341740865
80A,0.001224079464815353
231G,0.001321059664010238
208L,0.0015216542961551394
396L,0.0015565373131931405
330H,0.0018379472323863278
281W,0.0018453696942413833
62R,0.0023101908124184114
420D,0.0027290769486141954
51G,0.003051229324499705
393V,0.0034454111237864015
254S,0.004579224926532089
237I,0.005172821348157064
97R,0.005946293316781204
54M,0.00810846826350029
240P,0.009995842259600573
425I,0.011333253593745152
98W,0.011465464524280988
397Y,0.05466889987755148
239Y,0.14246955324769678
