feature,mean_importance
54M,-0.00226161040729147
301M,-0.002186206854467998
327A,-0.002156050334762205
402W,-0.0020860717555894136
207G,-0.0016254864545037773
225T,-0.0012134677639015212
278F,-0.001097648366717796
118G,-0.0010049982487675192
204A,-0.0005968038299938528
122C,-0.0004928555094106946
50I,-0.00031718747015034853
299W,-0.00031548235633760413
332G,-0.00015989302487984247
206R,-7.427235760522066e-05
107K,-5.735408174427637e-05
208L,-4.9698201980130643e-05
227N,-3.4421692684549755e-05
395D,0.0
248N,0.0
421R,0.0
247V,0.0
246M,0.0
244E,0.0
238H,0.0
237I,0.0
422S,0.0
427H,0.0
423H,0.0
424K,0.0
426W,0.0
233N,0.0
231G,0.0
228M,0.0
249I,0.0
251A,0.0
420D,0.0
253V,0.0
394C,0.0
393V,0.0
392R,0.0
389S,0.0
337I,0.0
334G,0.0
401E,0.0
396L,0.0
329P,0.0
415F,0.0
416E,0.0
418I,0.0
297D,0.0
296I,0.0
281W,0.0
419K,0.0
414C,0.0
22I,0.0
428F,0.0
96L,0.0
109L,0.0
110Y,0.0
62R,0.0
76R,0.0
112L,0.0
115G,0.0
61V,0.0
117R,0.0
95Y,0.0
119F,0.0
99V,0.0
120E,0.0
121A,0.0
108R,0.0
123R,0.0
59N,0.0
58A,0.0
57T,0.0
78S,0.0
202K,0.0
226L,0.0
79G,0.0
205F,0.0
52A,0.0
81V,0.0
223A,0.0
94D,0.0
124R,0.0
100D,0.0
229H,6.9432442674655094e-06
331H,5.3616789163002385e-05
292M,0.00011400698163017697
252F,0.0001612285032835059
56F,0.00027392784764170843
211M,0.00034382904449052897
203F,0.0003941594864891984
230V,0.00044536408527418025
417E,0.0004643396893220242
53G,0.0005718483994467283
391R,0.0006821002912533958
235H,0.0007805244922244103
333A,0.0007851590734432312
250A,0.0008071607276999959
336C,0.0008452617037757904
111Q,0.0010147519755656198
240P,0.0010378270061641936
386F,0.0010832887469808261
127F,0.00117118774773044
390S,0.0011946242247977469
224R,0.0011964969128325452
335A,0.001383848392177245
236L,0.001630601193465231
330H,0.0017990757070742713
385W,0.0018262361286395024
51G,0.0020458865779043657
234A,0.003033316313399359
75L,0.0036284911000970645
80A,0.005937138028268341
397Y,0.00617549308073837
241V,0.006520655902745509
425I,0.008091600784457498
82P,0.008154727579311571
55A,0.011273044432799084
328V,0.01661498494571121
97R,0.01799326336648217
254S,0.020177432589529865
98W,0.034991385743485814
239Y,0.14193462448278568
