feature,mean_importance
208L,-0.004774664379414828
297D,-0.004198038165488804
386F,-0.004170451839328471
327A,-0.0037630333370384907
207G,-0.0037083068598397382
252F,-0.0020154869709761323
206R,-0.0016272083445802333
58A,-0.0015646382719842976
248N,-0.0014035928476344938
422S,-0.0013235975873873596
241V,-0.0012772270358702542
112L,-0.001045896154763959
240P,-0.0008302262945891314
236L,-0.0008232740674895655
393V,-0.0007192689177860423
205F,-0.000696829293279011
332G,-0.000635689649113802
57T,-0.0005314858976405379
52A,-0.0005023503616923941
118G,-0.0004970726016125582
54M,-0.0003835102079083441
109L,-0.00036549659055378213
225T,-0.00016581688100354431
330H,-0.00011136003845630959
237I,-3.7929744366538286e-05
53G,-3.781893654153379e-05
336C,0.0
334G,0.0
416E,0.0
227N,0.0
415F,0.0
414C,0.0
230V,0.0
402W,0.0
427H,0.0
329P,0.0
250A,0.0
333A,0.0
238H,0.0
401E,0.0
392R,0.0
296I,0.0
281W,0.0
395D,0.0
244E,0.0
246M,0.0
397Y,0.0
253V,0.0
396L,0.0
251A,0.0
224R,0.0
22I,0.0
211M,0.0
420D,0.0
421R,0.0
96L,0.0
94D,0.0
82P,0.0
81V,0.0
423H,0.0
79G,0.0
78S,0.0
424K,0.0
62R,0.0
61V,0.0
59N,0.0
426W,0.0
51G,0.0
419K,0.0
107K,0.0
95Y,0.0
110Y,0.0
204A,0.0
202K,0.0
124R,0.0
108R,0.0
121A,0.0
123R,0.0
119F,0.0
111Q,0.0
120E,0.0
117R,0.0
389S,0.0
203F,7.822382752524782e-05
234A,8.922064017902187e-05
56F,0.00016727773899503085
390S,0.0001714732835228494
299W,0.000185399538621156
76R,0.00021906294648079693
417E,0.00022069132067263907
231G,0.0002262615590347572
335A,0.0003032833073243868
394C,0.00034451255209693165
50I,0.00039933549727946274
391R,0.0004388577334269339
385W,0.000439586322304697
122C,0.0005306923199083213
127F,0.0005866084931187787
328V,0.0007524551053610384
223A,0.0008016401551713459
428F,0.0009486090851826834
301M,0.0009533115613757692
228M,0.0009648475343156049
229H,0.0009761149981330596
100D,0.0011169465060909324
235H,0.0012646125754046445
115G,0.0014051975580688491
233N,0.0014142965933498397
278F,0.0016718736097987464
99V,0.0016945943278233288
249I,0.0020039589972867143
337I,0.0023374863259483904
331H,0.002706114464492959
418I,0.0030086031523902435
226L,0.003233799323006048
292M,0.003760820135995635
247V,0.005041410614517261
97R,0.005088604849158939
80A,0.006780662913618185
75L,0.00875443329825456
425I,0.013625180262590075
98W,0.021565298989905713
254S,0.03234517441428284
55A,0.035948504498785304
239Y,0.1911968616711535
