feature,mean_importance
208L,-0.004774664379414872
297D,-0.004198038165488827
386F,-0.0041704518393284925
327A,-0.0037630333370384907
207G,-0.0037083068598397382
252F,-0.002015486970976199
206R,-0.0016272083445802554
58A,-0.001564638271984342
248N,-0.0014035928476344938
422S,-0.0013235975873873596
241V,-0.0012772270358702765
112L,-0.0010458961547639366
240P,-0.0008302262945891536
236L,-0.0008232740674895655
393V,-0.0007192689177860867
205F,-0.0006968292932790554
332G,-0.0006356896491138242
57T,-0.0005314858976405379
52A,-0.0005023503616924163
118G,-0.0004970726016125582
54M,-0.0003835102079083441
109L,-0.00036549659055378213
225T,-0.0001658168810035887
330H,-0.000111360038456354
237I,-3.792974436656049e-05
53G,-3.781893654153379e-05
336C,0.0
334G,0.0
416E,0.0
227N,0.0
415F,0.0
414C,0.0
230V,0.0
402W,0.0
427H,0.0
329P,0.0
250A,0.0
333A,0.0
238H,0.0
401E,0.0
392R,0.0
296I,0.0
281W,0.0
395D,0.0
244E,0.0
246M,0.0
397Y,0.0
253V,0.0
396L,0.0
251A,0.0
224R,0.0
22I,0.0
211M,0.0
420D,0.0
421R,0.0
96L,0.0
94D,0.0
82P,0.0
81V,0.0
423H,0.0
79G,0.0
78S,0.0
424K,0.0
62R,0.0
61V,0.0
59N,0.0
426W,0.0
51G,0.0
419K,0.0
107K,0.0
95Y,0.0
110Y,0.0
204A,0.0
202K,0.0
124R,0.0
108R,0.0
121A,0.0
123R,0.0
119F,0.0
111Q,0.0
120E,0.0
117R,0.0
389S,0.0
203F,7.82238275252256e-05
234A,8.922064017902187e-05
56F,0.00016727773899500865
390S,0.0001714732835228272
299W,0.000185399538621156
76R,0.00021906294648079693
417E,0.00022069132067263907
231G,0.0002262615590347572
335A,0.0003032833073243868
394C,0.0003445125520969095
50I,0.0003993354972794405
391R,0.0004388577334269339
385W,0.000439586322304697
122C,0.0005306923199082991
127F,0.0005866084931187565
328V,0.000752455105360994
223A,0.0008016401551713459
428F,0.0009486090851826612
301M,0.0009533115613757692
228M,0.0009648475343155827
229H,0.0009761149981330375
100D,0.00111694650609091
235H,0.0012646125754046445
115G,0.001405197558068827
233N,0.0014142965933498174
278F,0.0016718736097987464
99V,0.0016945943278233288
249I,0.0020039589972867143
337I,0.0023374863259483457
331H,0.002706114464492937
418I,0.0030086031523902435
226L,0.0032337993230060038
292M,0.003760820135995635
247V,0.005041410614517283
97R,0.005088604849158939
80A,0.006780662913618163
75L,0.008754433298254538
425I,0.013625180262590075
98W,0.02156529898990569
254S,0.03234517441428279
55A,0.035948504498785304
239Y,0.1911968616711534
