feature,mean_importance
121A,-0.0014185460041449272
226L,-0.0010509488983587723
122C,-0.0010358028873737712
76R,-0.000670891709685395
281W,-0.0006428604322543441
421R,-0.0005283879200917774
238H,-0.0004961873297714359
385W,-0.00046926619113256683
53G,-0.0004448646862781569
386F,-0.0003377467672960099
233N,-0.00028657787304053883
327A,-0.00028164504868302134
22I,-0.00023612859393613573
235H,-0.00020721172801037025
331H,-0.00017794256215806215
100D,-0.00016786456637774005
333A,-0.00012412052023662578
416E,0.0
211M,0.0
223A,0.0
224R,0.0
225T,0.0
58A,0.0
415F,0.0
228M,0.0
229H,0.0
230V,0.0
414C,0.0
57T,0.0
254S,0.0
402W,0.0
329P,0.0
401E,0.0
396L,0.0
393V,0.0
392R,0.0
391R,0.0
389S,0.0
51G,0.0
247V,0.0
248N,0.0
249I,0.0
52A,0.0
251A,0.0
427H,0.0
207G,0.0
204A,0.0
110Y,0.0
78S,0.0
426W,0.0
80A,0.0
81V,0.0
296I,0.0
94D,0.0
95Y,0.0
292M,0.0
424K,0.0
99V,0.0
422S,0.0
108R,0.0
109L,0.0
205F,0.0
334G,0.0
112L,0.0
115G,0.0
117R,0.0
119F,0.0
420D,0.0
419K,0.0
59N,0.0
418I,0.0
124R,0.0
417E,0.0
202K,0.0
203F,0.0
252F,0.0
111Q,0.0
206R,1.1859274269787613e-05
428F,7.205970159338549e-05
423H,7.268223057035338e-05
50I,8.785445046390893e-05
82P,0.00011186040352659799
301M,0.00014499462163335418
96L,0.00016047507328891263
234A,0.00016069368189490784
62R,0.00018388555785084915
395D,0.0002430106994774084
231G,0.00029730916817507504
75L,0.000347215819165414
335A,0.0003518161076807802
244E,0.0004130479954711941
227N,0.00041734441944909497
241V,0.00042602481953208927
240P,0.0004380962339671335
299W,0.00046735974184195503
237I,0.0005137127948610321
236L,0.0005774274628070674
337I,0.000622042177246307
123R,0.0006365343270892332
107K,0.0006745462548030323
297D,0.000721128228101553
336C,0.0007472059814624509
332G,0.0009564427642976714
79G,0.0011246509915537662
390S,0.0011938365931627893
54M,0.0012225260634907142
208L,0.0012981129077884734
246M,0.001336636654754897
56F,0.0018755981225831776
250A,0.002070867512315178
118G,0.0021013669700746585
61V,0.0021294819405512254
253V,0.0022831183011156053
120E,0.0024349700675942556
278F,0.0028510616566134184
127F,0.0031228771447088465
330H,0.0038039876018373777
425I,0.0061300230865433125
394C,0.006551978611567755
397Y,0.011654873919010234
98W,0.013616115311159449
55A,0.01703719565038122
328V,0.017324715020278457
97R,0.018817795981723884
239Y,0.22577251465050757
