feature,mean_importance
250A,-0.0018908281884690403
301M,-0.0014953191314591718
202K,-0.0011889635189636482
237I,-0.0009161216852295873
386F,-0.000730301585749693
225T,-0.0007238185783329465
208L,-0.0007211441642746008
82P,-0.0007208633217338667
249I,-0.0007138029588874328
226L,-0.0006346050026015293
330H,-0.0004905812898493789
52A,-0.0004517675685953515
22I,-0.00041548411370455617
122C,-0.00037428028083521527
390S,-0.00023332608561521528
80A,-9.702500815162995e-05
396L,-8.343026028843071e-05
238H,-4.0795755184852564e-05
391R,-2.798928805440859e-05
393V,0.0
244E,0.0
240P,0.0
423H,0.0
427H,0.0
424K,0.0
233N,0.0
246M,0.0
231G,0.0
230V,0.0
228M,0.0
426W,0.0
227N,0.0
234A,0.0
247V,0.0
418I,0.0
419K,0.0
392R,0.0
389S,0.0
402W,0.0
385W,0.0
336C,0.0
334G,0.0
414C,0.0
329P,0.0
415F,0.0
416E,0.0
297D,0.0
292M,0.0
253V,0.0
251A,0.0
395D,0.0
248N,0.0
327A,0.0
235H,0.0
223A,0.0
110Y,0.0
109L,0.0
108R,0.0
107K,0.0
99V,0.0
224R,0.0
96L,0.0
112L,0.0
95Y,0.0
81V,0.0
76R,0.0
75L,0.0
62R,0.0
59N,0.0
58A,0.0
50I,0.0
94D,0.0
115G,0.0
428F,0.0
203F,0.0
124R,0.0
204A,0.0
205F,0.0
123R,0.0
207G,0.0
120E,0.0
117R,0.0
211M,0.0
119F,0.0
421R,2.3108051687037447e-06
299W,5.949149382811214e-06
252F,1.0599878477268732e-05
278F,1.1472398950052032e-05
206R,1.7218243144090372e-05
335A,2.137354975511041e-05
79G,4.586957961258964e-05
61V,0.0001153124356703783
57T,0.0002685790167731072
337I,0.0006174168956864623
241V,0.0006902462110777386
333A,0.000693451588245586
296I,0.0007139284344906072
111Q,0.0007582607187065938
422S,0.0007701791213798436
98W,0.0008959207088560017
118G,0.0009351353127030837
121A,0.0009475948214890062
56F,0.0010434153354661024
332G,0.0011953669936907384
97R,0.0011980663968593763
54M,0.001273806287546564
394C,0.0013036832835917832
53G,0.001345145449610019
51G,0.001529957641846358
417E,0.0015857257886164656
229H,0.0016102035458908093
127F,0.0016888050757477568
236L,0.0017291361407375083
328V,0.0017463468679520977
254S,0.0024399322746032404
401E,0.002508120288982085
281W,0.003340241932145793
100D,0.0037418353333708463
425I,0.0053732821030336945
420D,0.005514643104359673
331H,0.010072384230469833
397Y,0.017577925992282518
55A,0.018151156785956423
78S,0.0207734732824568
239Y,0.13528021464050127
