feature,mean_importance
54M,-0.0030104321943604352
248N,-0.001825321743875219
236L,-0.0015967760661995012
252F,-0.0014641897055063025
206R,-0.0010618251267679791
208L,-0.0009756305991815318
237I,-0.0007855268176375941
50I,-0.00046324202818304183
241V,-0.0003874933410253911
51G,-0.00029828096228485813
238H,-0.00023535239848815337
391R,-0.000194813229958668
121A,-0.0001219026502925491
122C,-0.00011953575046148579
393V,-8.449506833481113e-05
231G,-6.184298082525518e-05
253V,0.0
278F,0.0
292M,0.0
249I,0.0
235H,0.0
240P,0.0
297D,0.0
427H,0.0
234A,0.0
233N,0.0
244E,0.0
301M,0.0
332G,0.0
331H,0.0
426W,0.0
424K,0.0
423H,0.0
422S,0.0
421R,0.0
419K,0.0
417E,0.0
416E,0.0
415F,0.0
414C,0.0
402W,0.0
395D,0.0
392R,0.0
390S,0.0
389S,0.0
386F,0.0
337I,0.0
336C,0.0
335A,0.0
334G,0.0
230V,0.0
329P,0.0
228M,0.0
428F,0.0
80A,0.0
109L,0.0
110Y,0.0
99V,0.0
111Q,0.0
96L,0.0
112L,0.0
95Y,0.0
115G,0.0
94D,0.0
82P,0.0
118G,0.0
119F,0.0
81V,0.0
107K,0.0
108R,0.0
79G,0.0
53G,0.0
224R,0.0
57T,0.0
59N,0.0
61V,0.0
207G,0.0
120E,0.0
205F,0.0
203F,0.0
202K,0.0
76R,0.0
124R,0.0
62R,0.0
22I,9.844327715358147e-06
401E,2.4202117103211408e-05
250A,8.404311497225425e-05
100D,0.00011972054902500417
330H,0.00013895490401854004
52A,0.00015698081005564025
333A,0.00016187778881131542
56F,0.0002242140801090642
227N,0.00027139141045178227
127F,0.0002781827349300103
299W,0.00030234191443698764
223A,0.00039730210696575785
246M,0.0004204131649372389
396L,0.0005362238610646886
225T,0.0005496599460196761
385W,0.0006540926634550192
204A,0.0006665390500734559
211M,0.000766828627589189
58A,0.0007925219564455688
328V,0.0008622089210925665
327A,0.0009209450654953155
394C,0.0009227181972846443
251A,0.0009433033409734337
78S,0.0011521142604879353
418I,0.001170956679790769
420D,0.0013108009778702856
247V,0.0017600827668208697
226L,0.0018004342750078451
123R,0.0018506084935538292
117R,0.0026330730401933566
229H,0.0029952388188336787
296I,0.0035003222670847434
425I,0.009148039071549508
254S,0.01235636191362426
397Y,0.013443813077030709
281W,0.013545421638127353
75L,0.013736354139031048
98W,0.01616375014192961
97R,0.02061943013808045
55A,0.02565426742160013
239Y,0.1604486644393223
