feature,mean_importance
81V,-0.0031884861274674493
233N,-0.002343064882741985
57T,-0.00210381515022684
422S,-0.0020466676102291583
96L,-0.0015278531520287464
78S,-0.0013708706616401666
123R,-0.001362770892370424
336C,-0.0006857027953223627
100D,-0.0005671882764393566
301M,-0.0005574497918767962
53G,-0.0005338466080313964
420D,-0.000530409000098575
237I,-0.00043367416200303934
231G,-0.00037680584913606373
251A,-0.00032920409565719846
248N,-0.00020718903559024948
59N,-0.0001980890064471774
389S,-0.0001946370755306015
229H,-0.00018040594495292162
421R,-0.00016565287211984804
391R,-0.00013864205410931695
327A,-0.00011537865215434095
395D,-0.00010332892163038565
337I,-7.710834797600708e-05
428F,-6.66183881435467e-05
240P,-2.6675018918287385e-05
296I,-2.1818705428788832e-05
205F,-1.880440801416139e-05
254S,0.0
252F,0.0
241V,0.0
244E,0.0
238H,0.0
424K,0.0
236L,0.0
427H,0.0
234A,0.0
426W,0.0
247V,0.0
278F,0.0
414C,0.0
292M,0.0
417E,0.0
402W,0.0
401E,0.0
418I,0.0
396L,0.0
393V,0.0
392R,0.0
419K,0.0
385W,0.0
335A,0.0
334G,0.0
333A,0.0
329P,0.0
416E,0.0
297D,0.0
423H,0.0
299W,0.0
22I,0.0
228M,0.0
79G,0.0
122C,0.0
121A,0.0
120E,0.0
94D,0.0
118G,0.0
117R,0.0
115G,0.0
95Y,0.0
99V,0.0
230V,0.0
111Q,0.0
110Y,0.0
109L,0.0
108R,0.0
107K,0.0
76R,0.0
124R,0.0
202K,0.0
225T,0.0
224R,0.0
52A,0.0
56F,0.0
211M,0.0
62R,0.0
226L,0.0
227N,0.0
58A,0.0
206R,0.0
204A,0.0
61V,0.0
203F,0.0
207G,0.0
330H,2.9458462950771036e-05
394C,0.00017746689216602274
249I,0.0002998990930574763
386F,0.00030196143063982995
208L,0.0003481555996218466
235H,0.0003979404644166351
246M,0.0004953633719306349
281W,0.000603995647025668
332G,0.0006184873469202046
390S,0.0006355431563734193
253V,0.0009258605175842983
112L,0.0009929550671387455
82P,0.0011058252694257976
119F,0.001204897255217796
97R,0.0014318013859982992
127F,0.001452475236781514
331H,0.0017194889411369819
50I,0.0018612014627114703
223A,0.0021835239574432563
328V,0.002251809076924216
54M,0.0026519114459512493
425I,0.003815311892272533
415F,0.004589976276175811
250A,0.005167156593715627
51G,0.007085189833361061
80A,0.007748106996333814
75L,0.01331306315855858
98W,0.017961121616854325
397Y,0.01807945651678138
55A,0.025714435314107154
239Y,0.09373708806727052
