feature,mean_importance
127F,-0.004360949084207255
278F,-0.002713684475961475
208L,-0.0017910775696899472
94D,-0.0017458996202932343
112L,-0.0014729987376274067
336C,-0.0013311623377019854
417E,-0.0012773702365523442
419K,-0.0010297987712362567
249I,-0.0009939209427107798
416E,-0.000920127916348945
252F,-0.0008531280101762295
237I,-0.0007909638528042385
50I,-0.0005745813493162055
204A,-0.0004562757726997546
207G,-0.00035372444823136286
301M,-0.0003387182941981592
423H,-0.0003356096706979672
53G,-0.00030633558404731255
390S,-0.0002891853528024013
385W,-0.00020224074974195538
52A,-0.00019309793203794445
396L,-0.00018326247248601213
56F,-0.000176635839360606
95Y,-0.00016390742203864495
247V,-0.00010074205004559911
401E,-8.938182642743708e-05
235H,-8.486394815743203e-05
299W,-7.366199193334922e-05
335A,-4.1108279325485776e-05
392R,0.0
224R,0.0
330H,0.0
331H,0.0
225T,0.0
292M,0.0
226L,0.0
227N,0.0
246M,0.0
334G,0.0
230V,0.0
427H,0.0
254S,0.0
251A,0.0
337I,0.0
240P,0.0
241V,0.0
244E,0.0
250A,0.0
228M,0.0
329P,0.0
107K,0.0
61V,0.0
421R,0.0
420D,0.0
418I,0.0
80A,0.0
81V,0.0
82P,0.0
96L,0.0
414C,0.0
99V,0.0
100D,0.0
108R,0.0
109L,0.0
422S,0.0
424K,0.0
111Q,0.0
402W,0.0
426W,0.0
117R,0.0
118G,0.0
119F,0.0
120E,0.0
122C,0.0
395D,0.0
394C,0.0
51G,0.0
110Y,0.0
57T,0.0
206R,1.2277582158359835e-05
233N,5.609619135527044e-05
231G,0.00011392464373827238
205F,0.0001498548137124134
391R,0.00022265389454316774
202K,0.00027513627231972037
238H,0.0002845856825077986
234A,0.0002884697905459532
22I,0.0003585568572971098
211M,0.0003651334445989196
327A,0.00038571919739309734
124R,0.0005217495267421546
415F,0.0005265094744851817
97R,0.0005846155219360272
248N,0.0007944807515396279
121A,0.000812776498683343
281W,0.0008862917163892758
62R,0.0009549953766408547
332G,0.0009821478317841414
386F,0.0010934217046249194
297D,0.001098229028596509
223A,0.0011527027654650857
393V,0.0012532413666075382
428F,0.0013497463604579263
123R,0.0017786048112646835
236L,0.0018644433130307059
389S,0.0019239921194939224
333A,0.002030509889176302
203F,0.0022658604758037937
229H,0.0026492623664538862
296I,0.0026949623115550382
58A,0.0027634134365468466
76R,0.0028253731050057462
54M,0.003940082857971028
115G,0.00410798434002384
253V,0.004335974228956418
59N,0.007062936586044999
425I,0.007140375438427449
79G,0.007602588062232374
98W,0.009004246565987039
78S,0.013505519867476567
328V,0.015112458823892894
75L,0.01991140494211252
55A,0.035083405773844126
397Y,0.04848457088395499
239Y,0.16672846448865836
