feature,mean_importance
233N,-0.005239800859152122
225T,-0.005207820380641959
110Y,-0.003969539616904339
57T,-0.002563707195797971
236L,-0.0022804186365603663
248N,-0.002135184892351094
204A,-0.001982600587510186
337I,-0.00148001825758588
117R,-0.001258016707698606
234A,-0.001218951801712853
281W,-0.0011120575243468212
112L,-0.0009801214790318812
335A,-0.0009494484437523098
240P,-0.0009062422587192032
395D,-0.0007912910860020439
123R,-0.0007619681168409498
127F,-0.0006987495337251737
98W,-0.00047742460671718057
78S,-0.0004624374905145334
278F,-0.00034180385529543057
299W,-0.00030780874519500403
402W,-0.0002803835155510637
54M,-0.00019246404996668963
58A,-0.0001644979462706475
206R,-0.0001097685032130702
386F,-0.00010530368582277738
52A,-3.781966656690727e-05
211M,-3.658048520658319e-05
389S,-3.683581874169839e-06
247V,0.0
333A,0.0
227N,0.0
334G,0.0
297D,0.0
228M,0.0
230V,0.0
393V,0.0
396L,0.0
394C,0.0
231G,0.0
254S,0.0
427H,0.0
251A,0.0
415F,0.0
414C,0.0
329P,0.0
244E,0.0
416E,0.0
428F,0.0
202K,0.0
203F,0.0
51G,0.0
53G,0.0
426W,0.0
424K,0.0
59N,0.0
61V,0.0
62R,0.0
422S,0.0
76R,0.0
79G,0.0
80A,0.0
81V,0.0
82P,0.0
95Y,0.0
96L,0.0
94D,0.0
420D,0.0
392R,0.0
124R,0.0
419K,0.0
121A,0.0
120E,0.0
119F,0.0
118G,0.0
115G,0.0
327A,0.0
111Q,0.0
109L,0.0
108R,0.0
107K,0.0
100D,0.0
421R,0.0
252F,4.2511963419711304e-05
328V,5.0741518514096914e-05
205F,6.367504822848424e-05
249I,7.189100606412868e-05
207G,9.51089703099095e-05
241V,0.00010752246031557889
418I,0.00015458063536279986
332G,0.0002155956799083647
246M,0.00022785479619324978
331H,0.0002859023247246961
385W,0.0003416724887718603
224R,0.0003706949277469507
223A,0.00043349298079489176
417E,0.0005181800735290842
50I,0.0005446356523626684
22I,0.0006385454046111238
237I,0.0007550875731657137
292M,0.001052423232519617
235H,0.0010612040470500794
391R,0.0014358720763600675
238H,0.001468292769308399
122C,0.0017868599491529969
390S,0.0019616393667680533
253V,0.0028855695119182068
296I,0.0030057248885696497
208L,0.0030388107497661297
56F,0.0031196410615320414
330H,0.0031726015289324392
99V,0.0033270731625988812
301M,0.0037989786420935755
423H,0.0042555027611378415
401E,0.00495714537191676
229H,0.005003513275866877
226L,0.005415099773320997
336C,0.005553516050263241
425I,0.006399566538036416
250A,0.00688618484961212
75L,0.009215358257383888
55A,0.019497659159374535
97R,0.025888228774491373
397Y,0.030391927061773315
239Y,0.06677327608926723
