feature,mean_importance
202K,-0.0026960336052712862
299W,-0.0015248000646545634
237I,-0.0013961746354760995
226L,-0.0013773207340632254
50I,-0.0011759619722481185
207G,-0.0011420199099895002
301M,-0.0007456469348982031
233N,-0.0007245585387590569
390S,-0.0006932673343952534
211M,-0.000473684043873801
52A,-0.0003565312662483722
205F,-0.00030609709427278366
235H,-0.00027153701983735347
56F,-8.22382665463639e-05
415F,0.0
292M,0.0
281W,0.0
278F,0.0
254S,0.0
421R,0.0
253V,0.0
251A,0.0
250A,0.0
297D,0.0
422S,0.0
423H,0.0
248N,0.0
247V,0.0
246M,0.0
424K,0.0
244E,0.0
238H,0.0
426W,0.0
236L,0.0
249I,0.0
419K,0.0
418I,0.0
327A,0.0
414C,0.0
402W,0.0
401E,0.0
396L,0.0
395D,0.0
394C,0.0
393V,0.0
392R,0.0
391R,0.0
417E,0.0
389S,0.0
385W,0.0
337I,0.0
336C,0.0
335A,0.0
334G,0.0
234A,0.0
332G,0.0
331H,0.0
330H,0.0
329P,0.0
416E,0.0
333A,0.0
428F,0.0
109L,0.0
120E,0.0
119F,0.0
118G,0.0
81V,0.0
117R,0.0
115G,0.0
112L,0.0
121A,0.0
111Q,0.0
231G,0.0
108R,0.0
107K,0.0
100D,0.0
99V,0.0
82P,0.0
94D,0.0
110Y,0.0
80A,0.0
122C,0.0
123R,0.0
230V,0.0
53G,0.0
228M,0.0
57T,0.0
58A,0.0
59N,0.0
227N,0.0
225T,0.0
224R,0.0
223A,0.0
61V,0.0
62R,0.0
76R,0.0
79G,0.0
127F,0.0
124R,0.0
95Y,0.0
96L,0.0
206R,3.7178584203911845e-05
22I,0.00018155779366957336
208L,0.0001866309375812003
252F,0.00022033952520963406
204A,0.0002700301213599765
386F,0.0005007771404474725
203F,0.0007778540228414066
54M,0.0008541984868385199
240P,0.0008987706995776002
296I,0.0009923518892789973
229H,0.001210740250414255
425I,0.002161148072278918
427H,0.002531398402295393
241V,0.002867607280999862
420D,0.0030454730751039217
51G,0.0033937442354824874
97R,0.006597857685230779
328V,0.00993768624374447
98W,0.01203265391052204
75L,0.013344556896323457
78S,0.018122764184852237
55A,0.02223984779696122
397Y,0.031894539215857255
239Y,0.07594089348042496
