feature,mean_importance
54M,-0.0030104321943605463
248N,-0.00182532174387533
236L,-0.0015967760661996123
252F,-0.0014641897055064136
206R,-0.0010618251267680901
208L,-0.0009756305991816428
237I,-0.0007855268176376829
50I,-0.00046324202818315285
241V,-0.00038749334102545775
51G,-0.0002982809622849469
238H,-0.0002353523984882644
391R,-0.00019481322995875682
121A,-0.00012190265029261571
122C,-0.00011953575046159681
393V,-8.449506833492215e-05
231G,-6.184298082534401e-05
253V,0.0
278F,0.0
292M,0.0
249I,0.0
235H,0.0
240P,0.0
297D,0.0
427H,0.0
234A,0.0
233N,0.0
244E,0.0
301M,0.0
332G,0.0
331H,0.0
426W,0.0
424K,0.0
423H,0.0
422S,0.0
421R,0.0
419K,0.0
417E,0.0
416E,0.0
415F,0.0
414C,0.0
402W,0.0
395D,0.0
392R,0.0
390S,0.0
389S,0.0
386F,0.0
337I,0.0
336C,0.0
335A,0.0
334G,0.0
230V,0.0
329P,0.0
228M,0.0
428F,0.0
80A,0.0
109L,0.0
110Y,0.0
99V,0.0
111Q,0.0
96L,0.0
112L,0.0
95Y,0.0
115G,0.0
94D,0.0
82P,0.0
118G,0.0
119F,0.0
81V,0.0
107K,0.0
108R,0.0
79G,0.0
53G,0.0
224R,0.0
57T,0.0
59N,0.0
61V,0.0
207G,0.0
120E,0.0
205F,0.0
203F,0.0
202K,0.0
76R,0.0
124R,0.0
62R,0.0
22I,9.844327715247125e-06
401E,2.4202117103100386e-05
250A,8.404311497214322e-05
100D,0.00011972054902489315
330H,0.00013895490401845124
52A,0.00015698081005555142
333A,0.0001618777888112044
56F,0.00022421408010895317
227N,0.00027139141045167124
127F,0.0002781827349299215
299W,0.0003023419144368766
223A,0.00039730210696566905
246M,0.0004204131649371279
396L,0.0005362238610645776
225T,0.0005496599460195872
385W,0.0006540926634549082
204A,0.0006665390500733448
211M,0.0007668286275890779
58A,0.0007925219564454578
328V,0.0008622089210924777
327A,0.0009209450654952045
394C,0.0009227181972845556
251A,0.0009433033409733226
78S,0.0011521142604878243
418I,0.001170956679790658
420D,0.0013108009778701967
247V,0.0017600827668207586
226L,0.0018004342750077562
123R,0.0018506084935537182
117R,0.00263307304019329
229H,0.00299523881883359
296I,0.0035003222670846766
425I,0.009148039071549397
254S,0.012356361913624169
397Y,0.013443813077030598
281W,0.013545421638127286
75L,0.013736354139030937
98W,0.01616375014192952
97R,0.020619430138080364
55A,0.02565426742160002
239Y,0.16044866443932218
