feature,mean_importance
81V,-0.0031884861274674714
233N,-0.00234306488274203
57T,-0.002103815150226862
422S,-0.0020466676102291583
96L,-0.0015278531520287243
78S,-0.0013708706616401666
123R,-0.0013627708923704463
336C,-0.0006857027953223405
100D,-0.0005671882764393787
301M,-0.0005574497918767962
53G,-0.0005338466080313742
420D,-0.000530409000098575
237I,-0.0004336741620031059
231G,-0.00037680584913606373
251A,-0.00032920409565719846
248N,-0.00020718903559022728
59N,-0.00019808900644726623
389S,-0.0001946370755306237
229H,-0.00018040594495296602
421R,-0.00016565287211987024
391R,-0.00013864205410933915
327A,-0.00011537865215434095
395D,-0.00010332892163038565
337I,-7.710834797600708e-05
428F,-6.661838814356891e-05
240P,-2.667501891826518e-05
296I,-2.181870542883324e-05
205F,-1.8804408014183595e-05
254S,0.0
252F,0.0
241V,0.0
244E,0.0
238H,0.0
424K,0.0
236L,0.0
427H,0.0
234A,0.0
426W,0.0
247V,0.0
278F,0.0
414C,0.0
292M,0.0
417E,0.0
402W,0.0
401E,0.0
418I,0.0
396L,0.0
393V,0.0
392R,0.0
419K,0.0
385W,0.0
335A,0.0
334G,0.0
333A,0.0
329P,0.0
416E,0.0
297D,0.0
423H,0.0
299W,0.0
22I,0.0
228M,0.0
79G,0.0
122C,0.0
121A,0.0
120E,0.0
94D,0.0
118G,0.0
117R,0.0
115G,0.0
95Y,0.0
99V,0.0
230V,0.0
111Q,0.0
110Y,0.0
109L,0.0
108R,0.0
107K,0.0
76R,0.0
124R,0.0
202K,0.0
225T,0.0
224R,0.0
52A,0.0
56F,0.0
211M,0.0
62R,0.0
226L,0.0
227N,0.0
58A,0.0
206R,0.0
204A,0.0
61V,0.0
203F,0.0
207G,0.0
330H,2.945846295074883e-05
394C,0.00017746689216600054
249I,0.0002998990930574763
386F,0.00030196143063982995
208L,0.0003481555996218022
235H,0.0003979404644165907
246M,0.0004953633719306349
281W,0.0006039956470256236
332G,0.0006184873469202046
390S,0.0006355431563733971
253V,0.0009258605175842538
112L,0.0009929550671387455
82P,0.0011058252694257753
119F,0.001204897255217796
97R,0.0014318013859982992
127F,0.001452475236781514
331H,0.0017194889411369595
50I,0.0018612014627114926
223A,0.0021835239574432342
328V,0.002251809076924216
54M,0.002651911445951205
425I,0.0038153118922725103
415F,0.0045899762761757446
250A,0.005167156593715605
51G,0.007085189833361016
80A,0.007748106996333814
75L,0.013313063158558559
98W,0.01796112161685435
397Y,0.018079456516781355
55A,0.025714435314107154
239Y,0.0937370880672705
