feature,mean_importance
418I,-0.001733172983332487
205F,-0.00045856448200474185
95Y,-0.0003227567931707309
385W,-0.0002802698534095649
108R,-0.0001776371204237792
58A,-0.00010421442127672709
204A,-8.028803318729238e-05
336C,-6.994300044520508e-05
292M,-6.102336860209778e-05
110Y,-5.714835302961241e-05
395D,-4.180233922750354e-05
401E,-3.0360770930215608e-05
422S,-6.769949757434724e-06
281W,0.0
252F,0.0
251A,0.0
249I,0.0
248N,0.0
22I,0.0
241V,0.0
237I,0.0
236L,0.0
231G,0.0
230V,0.0
229H,0.0
226L,0.0
247V,0.0
238H,0.0
329P,0.0
299W,0.0
426W,0.0
424K,0.0
423H,0.0
421R,0.0
416E,0.0
414C,0.0
394C,0.0
297D,0.0
392R,0.0
390S,0.0
335A,0.0
334G,0.0
333A,0.0
332G,0.0
327A,0.0
301M,0.0
391R,0.0
207G,0.0
235H,0.0
127F,0.0
50I,0.0
51G,0.0
52A,0.0
53G,0.0
56F,0.0
57T,0.0
59N,0.0
202K,0.0
112L,0.0
124R,0.0
62R,0.0
96L,0.0
206R,0.0
109L,0.0
100D,0.0
117R,5.2027178041536e-06
99V,5.2039881262500034e-05
428F,5.4543293495190603e-05
122C,6.695786860888564e-05
208L,7.087073975295955e-05
244E,9.023579228815138e-05
225T,0.00010221317045229217
76R,0.00010384550348954135
121A,0.0001055480307549983
211M,0.00011042568527477314
389S,0.00012465477699301618
240P,0.00013744013746959106
246M,0.0001618268620289909
120E,0.0001647844792180164
417E,0.00017088467256394236
427H,0.00022717694610947526
233N,0.00026347511850661754
224R,0.0002676002883176487
54M,0.00027106877844145226
75L,0.0002825036990540264
278F,0.00028598929759962035
82P,0.00030205493472366116
111Q,0.00031689547910687124
250A,0.00034128503262043086
253V,0.0003688367822407779
330H,0.00045017407952625544
228M,0.0004697143964736084
420D,0.0005011341383122758
55A,0.0005413406610722538
79G,0.0005741453797190932
61V,0.0006459519059200947
393V,0.000785390517704565
396L,0.0007885411726043845
98W,0.0008010345204822134
203F,0.0008320721849432555
223A,0.0008837128880302192
337I,0.0011759110550729757
227N,0.0013756826467208993
415F,0.0014687522983949154
386F,0.0014863765670547924
234A,0.0015793853832562154
397Y,0.0016170002393378403
107K,0.0018458905728778508
402W,0.001869818635118703
419K,0.001990853488964861
328V,0.0025800416750370258
331H,0.0028792384334551447
80A,0.002949472636375772
115G,0.0031111139991141235
254S,0.0033102891603793206
296I,0.004387931617765695
118G,0.005623552761829798
94D,0.006086987997794635
123R,0.006590386623663269
78S,0.00736306058594538
119F,0.008657719171712031
81V,0.015653007226936588
425I,0.017264906614050446
97R,0.02575497839846328
239Y,0.24903648142817297
