feature,mean_importance
427H,-0.0012878038547270432
107K,-0.0012876455064164017
292M,-0.0012128101993433393
337I,-0.00113829515476358
253V,-0.000928079877854926
223A,-0.0004098062563796967
228M,-0.00012825881534372918
244E,-0.00011020590928265684
251A,0.0
248N,0.0
241V,0.0
22I,0.0
233N,0.0
227N,0.0
226L,0.0
211M,0.0
207G,0.0
238H,0.0
237I,0.0
297D,0.0
301M,0.0
426W,0.0
424K,0.0
423H,0.0
421R,0.0
420D,0.0
415F,0.0
414C,0.0
206R,0.0
402W,0.0
395D,0.0
394C,0.0
392R,0.0
335A,0.0
333A,0.0
330H,0.0
328V,0.0
396L,0.0
204A,0.0
235H,0.0
428F,0.0
61V,0.0
95Y,0.0
100D,0.0
108R,0.0
54M,0.0
109L,0.0
57T,0.0
56F,0.0
122C,0.0
82P,0.0
59N,0.0
115G,0.0
112L,0.0
78S,0.0
50I,0.0
120E,0.0
75L,0.0
329P,2.2204460492503132e-17
389S,2.2204460492503132e-17
416E,2.2204460492503132e-17
386F,2.2204460492503132e-17
254S,2.2204460492503132e-17
385W,2.2204460492503132e-17
334G,2.2204460492503132e-17
62R,2.2204460492503132e-17
332G,2.2204460492503132e-17
299W,2.2204460492503132e-17
327A,2.2204460492503132e-17
79G,2.2204460492503132e-17
336C,2.2204460492503132e-17
53G,2.2204460492503132e-17
58A,2.2204460492503132e-17
390S,2.2204460492503132e-17
124R,2.2204460492503132e-17
127F,2.2204460492503132e-17
202K,2.2204460492503132e-17
203F,2.2204460492503132e-17
121A,2.2204460492503132e-17
52A,2.2204460492503132e-17
247V,2.2204460492503132e-17
111Q,2.2204460492503132e-17
230V,2.2204460492503132e-17
391R,2.2204460492503132e-17
236L,2.2204460492503132e-17
418I,2.2204460492503132e-17
240P,2.2204460492503132e-17
231G,2.2204460492503132e-17
225T,4.4408920985006264e-17
250A,4.4408920985006264e-17
55A,4.4408920985006264e-17
205F,4.4408920985006264e-17
76R,4.552593756075307e-05
51G,0.00040391606024057223
278F,0.0004679831543578317
229H,0.0005964598386920539
401E,0.0006364233944856412
99V,0.0006429133794305653
281W,0.0007182638937480279
331H,0.00089436548036812
393V,0.000906000136121099
208L,0.0009825399969963123
417E,0.0011732938648902236
422S,0.0012206776069981107
96L,0.0012748973837505505
249I,0.001295177034526196
224R,0.0013068491198140464
252F,0.001833617638125684
419K,0.002142959824952584
110Y,0.002234795504500475
98W,0.0022672744083181316
246M,0.0023362351074358136
234A,0.0026624444284292447
81V,0.003552665119210441
296I,0.0040844629908797225
94D,0.005146721523185049
123R,0.005715764492041519
119F,0.006462591132583828
117R,0.006978292557519761
425I,0.01128650867607579
397Y,0.019883270394636332
118G,0.022817105281148442
80A,0.023710067308689943
97R,0.028950737877755085
239Y,0.30737483184176073
