feature,shap_importance
239Y,0.510976790250657
81V,0.10767952292560083
94D,0.036420883376431665
119F,0.03185770839179955
224R,0.024676056486821175
254S,0.02272660599263967
78S,0.02030364903130691
337I,0.01912621995145331
123R,0.01871113064071594
97R,0.018262627265873722
118G,0.016153113628407663
425I,0.01606634103271308
61V,0.01479008862133891
234A,0.014456606599530119
237I,0.014178734378535996
393V,0.012449513125347318
336C,0.011915844023503644
418I,0.010680890411071486
208L,0.010332931445817956
115G,0.009744173898833088
98W,0.008482555219475591
420D,0.008085699829125628
51G,0.0070627189076389475
231G,0.006407906902254951
423H,0.0056582405427366925
422S,0.0046448856779422384
419K,0.0029587460891185614
301M,0.0
328V,0.0
330H,0.0
327A,0.0
329P,0.0
278F,0.0
299W,0.0
297D,0.0
296I,0.0
292M,0.0
281W,0.0
332G,0.0
253V,0.0
252F,0.0
251A,0.0
250A,0.0
249I,0.0
331H,0.0
22I,0.0
333A,0.0
397Y,0.0
427H,0.0
426W,0.0
424K,0.0
421R,0.0
417E,0.0
416E,0.0
415F,0.0
414C,0.0
402W,0.0
401E,0.0
396L,0.0
334G,0.0
395D,0.0
394C,0.0
392R,0.0
391R,0.0
390S,0.0
389S,0.0
247V,0.0
386F,0.0
385W,0.0
335A,0.0
248N,0.0
235H,0.0
246M,0.0
117R,0.0
111Q,0.0
110Y,0.0
109L,0.0
108R,0.0
107K,0.0
100D,0.0
99V,0.0
96L,0.0
95Y,0.0
82P,0.0
80A,0.0
79G,0.0
76R,0.0
75L,0.0
62R,0.0
59N,0.0
58A,0.0
57T,0.0
56F,0.0
55A,0.0
54M,0.0
53G,0.0
52A,0.0
112L,0.0
120E,0.0
244E,0.0
121A,0.0
241V,0.0
240P,0.0
238H,0.0
236L,0.0
50I,0.0
233N,0.0
230V,0.0
229H,0.0
228M,0.0
227N,0.0
226L,0.0
225T,0.0
223A,0.0
211M,0.0
207G,0.0
206R,0.0
205F,0.0
204A,0.0
203F,0.0
202K,0.0
127F,0.0
124R,0.0
122C,0.0
428F,0.0
