feature,mean_importance
422S,-0.0004815969127288655
414C,-0.00026403463673272396
79G,-0.00024251258883711824
427H,-0.0001257256517157579
393V,-8.281473778315451e-06
401E,-4.4408920985006264e-17
22I,-4.4408920985006264e-17
56F,-2.2204460492503132e-17
228M,-2.2204460492503132e-17
211M,-2.2204460492503132e-17
248N,-2.2204460492503132e-17
203F,-2.2204460492503132e-17
202K,-2.2204460492503132e-17
127F,-2.2204460492503132e-17
281W,-2.2204460492503132e-17
292M,-2.2204460492503132e-17
327A,-2.2204460492503132e-17
110Y,-2.2204460492503132e-17
335A,-2.2204460492503132e-17
386F,-2.2204460492503132e-17
331H,-2.2204460492503132e-17
396L,-2.2204460492503132e-17
416E,-2.2204460492503132e-17
51G,-2.2204460492503132e-17
109L,-2.2204460492503132e-17
426W,-2.2204460492503132e-17
336C,0.0
390S,0.0
252F,0.0
251A,0.0
250A,0.0
249I,0.0
423H,0.0
417E,0.0
247V,0.0
246M,0.0
241V,0.0
238H,0.0
237I,0.0
419K,0.0
418I,0.0
402W,0.0
278F,0.0
424K,0.0
392R,0.0
297D,0.0
299W,0.0
301M,0.0
329P,0.0
330H,0.0
421R,0.0
332G,0.0
395D,0.0
236L,0.0
333A,0.0
334G,0.0
394C,0.0
385W,0.0
391R,0.0
235H,0.0
108R,0.0
119F,0.0
112L,0.0
231G,0.0
107K,0.0
99V,0.0
95Y,0.0
82P,0.0
80A,0.0
121A,0.0
76R,0.0
62R,0.0
59N,0.0
58A,0.0
57T,0.0
54M,0.0
53G,0.0
52A,0.0
50I,0.0
75L,0.0
122C,0.0
428F,0.0
226L,0.0
225T,0.0
206R,0.0
205F,0.0
204A,0.0
207G,0.0
230V,0.0
124R,0.0
229H,0.0
244E,0.00021605433280396101
120E,0.00037347455031240263
233N,0.0003893895310718154
117R,0.0004525522227099898
415F,0.0006123113216106146
96L,0.0006467143927358032
234A,0.000781831212663242
240P,0.0010378288096937194
115G,0.0010566953840408732
61V,0.0013745111715899538
227N,0.0016074683773857012
208L,0.0016135094558439756
223A,0.0019076591906993956
420D,0.0022465940711892786
111Q,0.0025206515687031363
98W,0.0033298470600604535
389S,0.003449452663235486
100D,0.0035470205225885286
55A,0.00385797138891395
328V,0.0038734631845400045
296I,0.004287551010433677
224R,0.004358051444114497
94D,0.004793345425265105
253V,0.005127360907363654
78S,0.0051337484474934135
337I,0.006877323653323164
254S,0.007540915459541608
118G,0.00907567406961971
97R,0.009237673555563309
123R,0.00987419736668833
81V,0.015855881614173995
425I,0.018453002605228773
397Y,0.02185567029577353
239Y,0.37534428874708425
