feature,mean_importance
422S,-0.0013708676857762335
227N,-0.001160568653856675
415F,-0.0008502764866014755
208L,-0.00083190891407392
332G,-0.00071587170507168
252F,-0.0006783675938118794
230V,-0.0006076322348499641
224R,-0.0004980921286891205
203F,-0.0004280566049785106
424K,-0.0003568281177982691
278F,-0.00034283092454534536
336C,-0.0002573164782910586
62R,-0.00014204661329546563
420D,-0.0001125816011369407
427H,-3.219711155730831e-05
228M,0.0
229H,0.0
251A,0.0
249I,0.0
248N,0.0
247V,0.0
234A,0.0
241V,0.0
240P,0.0
238H,0.0
236L,0.0
253V,0.0
231G,0.0
233N,0.0
244E,0.0
22I,0.0
292M,0.0
426W,0.0
423H,0.0
421R,0.0
414C,0.0
402W,0.0
401E,0.0
395D,0.0
394C,0.0
392R,0.0
281W,0.0
390S,0.0
335A,0.0
334G,0.0
333A,0.0
331H,0.0
330H,0.0
329P,0.0
327A,0.0
299W,0.0
297D,0.0
385W,0.0
301M,0.0
235H,0.0
225T,0.0
109L,0.0
99V,0.0
98W,0.0
96L,0.0
95Y,0.0
82P,0.0
79G,0.0
75L,0.0
59N,0.0
58A,0.0
57T,0.0
56F,0.0
54M,0.0
53G,0.0
52A,0.0
51G,0.0
50I,0.0
110Y,0.0
112L,0.0
428F,0.0
122C,0.0
124R,0.0
211M,0.0
127F,0.0
205F,0.0
206R,0.0
207G,0.0
202K,0.0
121A,0.0
226L,2.247731096967076e-05
204A,4.131218630081257e-05
111Q,0.00010005000002935027
250A,0.00010098265910629678
416E,0.00015654112265983677
419K,0.0002335312258340272
61V,0.00027119020717114584
76R,0.0003065943136363769
418I,0.00035069612981983853
396L,0.0004498895248620238
246M,0.0004694323862807437
223A,0.0004883792902274031
386F,0.0006371917208075172
107K,0.0006483326558475389
296I,0.000688032618346801
237I,0.0007042824132753811
389S,0.0008243978860672741
337I,0.0008332777348156961
100D,0.0008883571678294011
391R,0.0010932468583042532
120E,0.0010989135147424721
417E,0.00111860852464023
393V,0.0014666253478165636
80A,0.0019353388434135254
108R,0.002260670945233967
254S,0.002443687378677173
115G,0.003077444683313879
117R,0.003429216842647609
328V,0.0035734893308353444
55A,0.006094594319314028
78S,0.006439664724865302
94D,0.0067222849606684894
119F,0.00969734529081565
123R,0.011950802089997038
425I,0.01218292392854381
97R,0.013037907820197292
81V,0.01661467563516168
118G,0.01951931690986821
397Y,0.025337712476801232
239Y,0.24379114027259474
