feature,shap_importance
239Y,0.41822306874881654
97R,0.102835430697299
81V,0.04236840117338224
78S,0.0385206476215818
123R,0.03340703108161721
425I,0.028392204424215382
119F,0.022468074786996244
254S,0.01846537205614912
397Y,0.018286054122025483
94D,0.01523775331577216
118G,0.014372215569963112
80A,0.012861801574868638
296I,0.010529537433971253
337I,0.00795389883876537
117R,0.007393890843360498
402W,0.007023792648089434
115G,0.0065076425969687775
427H,0.006019770930166907
331H,0.0052115921424406835
224R,0.005058849088958022
385W,0.004697195965557545
401E,0.003905800782050618
415F,0.003700586714803245
227N,0.003666892768137857
98W,0.0033213084040114044
386F,0.0031687987552273785
328V,0.0029805024309632667
418I,0.002825876037402198
79G,0.002779796714558283
55A,0.002659531470761547
107K,0.0023548545270823716
250A,0.002307009798974093
234A,0.00228741318849133
95Y,0.002115607431007552
108R,0.0020745684706091148
419K,0.0020071826174851456
58A,0.0019968860381296767
203F,0.0019062216682905102
111Q,0.001801852149612102
121A,0.0014946209124941743
76R,0.0014698910419364988
422S,0.001458453592464867
122C,0.00145522177737068
389S,0.0013769279690445911
75L,0.001341009494889632
393V,0.0012132137768162063
120E,0.0012114856663453298
228M,0.001193580655711797
205F,0.0010658777218019104
223A,0.0010473024266342164
82P,0.0010349405324381468
396L,0.0010179795675973877
330H,0.0010123967141115622
428F,0.0009592716465680676
233N,0.0009273228844417029
420D,0.0008776806302018012
253V,0.0008759503102832282
61V,0.000849428775901893
244E,0.0008200232517690323
417E,0.0008071251528296033
99V,0.0007727014407602219
110Y,0.0007573294097346542
292M,0.0005589375164233625
278F,0.0005032905378886378
54M,0.0004966190201032537
208L,0.0004951621597137415
211M,0.00048345762639090157
240P,0.00038500561559468884
225T,0.00038190565716370885
204A,0.00033745536119460755
246M,0.0002998863608184359
336C,0.00029321457292915255
395D,0.00023141004642477237
96L,0.00020015311360020252
391R,0.0
426W,0.0
332G,0.0
333A,0.0
334G,0.0
392R,0.0
390S,0.0
335A,0.0
416E,0.0
423H,0.0
394C,0.0
414C,0.0
421R,0.0
424K,0.0
22I,0.0
329P,0.0
327A,0.0
207G,0.0
206R,0.0
202K,0.0
127F,0.0
124R,0.0
112L,0.0
109L,0.0
100D,0.0
62R,0.0
59N,0.0
57T,0.0
56F,0.0
53G,0.0
52A,0.0
51G,0.0
226L,0.0
229H,0.0
230V,0.0
249I,0.0
301M,0.0
299W,0.0
297D,0.0
281W,0.0
252F,0.0
251A,0.0
248N,0.0
231G,0.0
247V,0.0
241V,0.0
238H,0.0
237I,0.0
236L,0.0
50I,0.0
235H,0.0
