feature,shap_importance
239Y,0.4065697119217182
397Y,0.04942657658672164
123R,0.04903362008038341
81V,0.046676670287497904
425I,0.040486456061625334
94D,0.03722336723597976
97R,0.03671185371129572
119F,0.03171747920257807
254S,0.028751330356035904
118G,0.0279559102926227
78S,0.018998871774423186
55A,0.01629043452297188
117R,0.011762568783386988
250A,0.009799631933718904
328V,0.009533226121153416
115G,0.008151992597898533
415F,0.006215148140807694
80A,0.006064238492242695
393V,0.005736986065357269
208L,0.005697887364198427
108R,0.0053650676338893345
227N,0.004789130143045811
389S,0.00461720733988602
224R,0.004483604532511924
416E,0.003993471288140916
422S,0.0036360133240627797
100D,0.0034824177071370232
120E,0.0034558964577454544
107K,0.0031598092197129947
62R,0.002779602603738297
246M,0.002721345834607071
278F,0.002346997282441912
417E,0.002328162359365067
226L,0.0022881167592671905
230V,0.0022606080405388005
61V,0.0021314029455105758
76R,0.0021265650844590487
420D,0.0021040942057596324
223A,0.0020055720497913045
337I,0.0018167700465228525
296I,0.0017778049857707862
386F,0.0015616272417377603
203F,0.0015011383383703907
427H,0.001480829948653084
391R,0.0013449302201927506
419K,0.0013110148127151574
252F,0.0012353724563353265
332G,0.001213607432254237
396L,0.001163703814366614
237I,0.0011009375367929891
418I,0.000890726682124873
336C,0.0008394470968302319
204A,0.0004866189653531792
424K,0.0003623731314218281
401E,0.0002753240337256322
111Q,0.0002686299000975515
112L,0.00022193487230338745
385W,0.0
327A,0.0
402W,0.0
292M,0.0
414C,0.0
395D,0.0
426W,0.0
297D,0.0
299W,0.0
301M,0.0
281W,0.0
423H,0.0
390S,0.0
329P,0.0
421R,0.0
330H,0.0
394C,0.0
331H,0.0
392R,0.0
333A,0.0
334G,0.0
335A,0.0
22I,0.0
235H,0.0
253V,0.0
251A,0.0
122C,0.0
121A,0.0
110Y,0.0
109L,0.0
99V,0.0
98W,0.0
96L,0.0
95Y,0.0
82P,0.0
79G,0.0
75L,0.0
59N,0.0
58A,0.0
57T,0.0
56F,0.0
54M,0.0
53G,0.0
52A,0.0
51G,0.0
124R,0.0
127F,0.0
202K,0.0
50I,0.0
249I,0.0
248N,0.0
247V,0.0
244E,0.0
241V,0.0
240P,0.0
238H,0.0
236L,0.0
234A,0.0
205F,0.0
233N,0.0
231G,0.0
229H,0.0
228M,0.0
225T,0.0
211M,0.0
207G,0.0
206R,0.0
428F,0.0
