feature,shap_importance
239Y,0.4029601990671622
97R,0.08724121375766353
80A,0.06160029617606492
425I,0.04405123785504382
397Y,0.04138281492267023
123R,0.024998184226521468
117R,0.023942218404638012
118G,0.02082575895216245
119F,0.020206796997487897
224R,0.0185192379701013
337I,0.018460909133719644
81V,0.01665724766261384
296I,0.012272283256435923
94D,0.012228500841067632
107K,0.00898466378456347
419K,0.007472187299627765
331H,0.007250416395657659
246M,0.006784578680829942
252F,0.0064533196378951975
393V,0.0063267057925045864
281W,0.006134086052403157
98W,0.006013295744134473
427H,0.005814654472071934
208L,0.0055959460635254385
401E,0.003756273134025072
229H,0.00373496534747154
99V,0.003714083683817204
249I,0.003575220114552847
417E,0.003531311540237006
96L,0.0034687576428965414
110Y,0.003398318172967702
228M,0.003184784206714568
422S,0.0031011625264603733
253V,0.0024440634127476284
292M,0.0024137048165745203
51G,0.002378959398111395
234A,0.0023312336772567657
76R,0.0021049378765603715
278F,0.0020875627725492345
223A,0.002037507062683995
244E,0.0011907326422872396
329P,0.0
330H,0.0
254S,0.0
299W,0.0
328V,0.0
327A,0.0
332G,0.0
297D,0.0
301M,0.0
22I,0.0
333A,0.0
334G,0.0
426W,0.0
424K,0.0
423H,0.0
421R,0.0
420D,0.0
418I,0.0
416E,0.0
415F,0.0
414C,0.0
402W,0.0
396L,0.0
395D,0.0
394C,0.0
251A,0.0
391R,0.0
390S,0.0
389S,0.0
386F,0.0
385W,0.0
336C,0.0
335A,0.0
392R,0.0
235H,0.0
250A,0.0
121A,0.0
115G,0.0
112L,0.0
111Q,0.0
109L,0.0
108R,0.0
100D,0.0
95Y,0.0
82P,0.0
79G,0.0
78S,0.0
75L,0.0
62R,0.0
61V,0.0
59N,0.0
58A,0.0
57T,0.0
56F,0.0
55A,0.0
54M,0.0
53G,0.0
52A,0.0
120E,0.0
122C,0.0
248N,0.0
124R,0.0
247V,0.0
241V,0.0
240P,0.0
238H,0.0
237I,0.0
236L,0.0
50I,0.0
233N,0.0
231G,0.0
230V,0.0
227N,0.0
226L,0.0
225T,0.0
211M,0.0
207G,0.0
206R,0.0
205F,0.0
204A,0.0
203F,0.0
202K,0.0
127F,0.0
428F,0.0
