feature,shap_importance
239Y,0.4228749742945519
81V,0.058027164018409835
397Y,0.05619430390330911
425I,0.05100005854430427
97R,0.033513971158992066
254S,0.027531973356487348
389S,0.02534114535952555
78S,0.02507422402625954
123R,0.024813058094990896
111Q,0.02142949480780272
118G,0.019440468617115424
224R,0.01600082484819218
100D,0.014209664086559517
55A,0.012070772279642752
253V,0.01043705164614524
94D,0.009749441520798312
98W,0.00958929859347938
393V,0.00927835957890742
296I,0.009261757302287598
227N,0.009158017100346971
117R,0.00821446499950932
337I,0.007219205871057883
234A,0.006704808985354964
420D,0.006301684092050385
414C,0.00601650045944087
61V,0.00557631358904036
115G,0.005259906680893071
233N,0.005107502080912055
208L,0.004865082560789921
328V,0.004734108682782151
223A,0.0037602936903963864
79G,0.003752116606763088
427H,0.0036803144487875562
120E,0.003581481668163952
415F,0.002643943398074831
240P,0.002451152045674167
422S,0.0020890594975998813
244E,0.0012823742666237467
96L,0.0009091137637462171
292M,0.0
327A,0.0
301M,0.0
329P,0.0
281W,0.0
330H,0.0
278F,0.0
331H,0.0
332G,0.0
297D,0.0
299W,0.0
22I,0.0
333A,0.0
334G,0.0
426W,0.0
424K,0.0
423H,0.0
421R,0.0
419K,0.0
418I,0.0
417E,0.0
416E,0.0
402W,0.0
401E,0.0
396L,0.0
395D,0.0
394C,0.0
251A,0.0
392R,0.0
391R,0.0
390S,0.0
386F,0.0
385W,0.0
336C,0.0
335A,0.0
252F,0.0
235H,0.0
250A,0.0
122C,0.0
119F,0.0
112L,0.0
110Y,0.0
109L,0.0
108R,0.0
107K,0.0
99V,0.0
95Y,0.0
82P,0.0
80A,0.0
76R,0.0
75L,0.0
62R,0.0
59N,0.0
58A,0.0
57T,0.0
56F,0.0
54M,0.0
53G,0.0
52A,0.0
51G,0.0
121A,0.0
124R,0.0
249I,0.0
127F,0.0
248N,0.0
247V,0.0
246M,0.0
241V,0.0
238H,0.0
237I,0.0
236L,0.0
50I,0.0
231G,0.0
230V,0.0
229H,0.0
228M,0.0
226L,0.0
225T,0.0
211M,0.0
207G,0.0
206R,0.0
205F,0.0
204A,0.0
203F,0.0
202K,0.0
428F,0.0
