feature,shap_importance
239Y,0.3010021652927015
80A,0.10410133856264342
397Y,0.09998198082406032
123R,0.06036286666271752
331H,0.05895212123276174
234A,0.05015180260322542
393V,0.050062656719950464
76R,0.04278683987677574
98W,0.03634323711443324
97R,0.03617438875306114
420D,0.02951347426683677
122C,0.02358719122561368
419K,0.021687003647863017
428F,0.021415099828372704
246M,0.02022049987889295
78S,0.018884967196684786
111Q,0.017429914160929136
115G,0.01680268890445813
81V,0.015575602411242832
395D,0.013013337677255585
297D,0.01257769307438149
112L,0.012202790700847312
425I,0.01217222113749181
253V,0.011589066003287952
94D,0.010530426214897857
427H,0.010412865030595788
392R,0.010024110305891159
202K,0.008957374928565506
61V,0.008795940408886933
227N,0.008238697122273098
224R,0.00784203676342129
205F,0.0070745856979194275
55A,0.0048024359963284415
236L,0.004666260571863061
416E,0.0027790699981118496
292M,0.0
301M,0.0
327A,0.0
328V,0.0
299W,0.0
252F,0.0
254S,0.0
329P,0.0
278F,0.0
330H,0.0
333A,0.0
296I,0.0
281W,0.0
332G,0.0
391R,0.0
334G,0.0
402W,0.0
426W,0.0
424K,0.0
423H,0.0
422S,0.0
421R,0.0
418I,0.0
417E,0.0
415F,0.0
414C,0.0
401E,0.0
335A,0.0
396L,0.0
394C,0.0
250A,0.0
390S,0.0
389S,0.0
386F,0.0
385W,0.0
337I,0.0
336C,0.0
251A,0.0
22I,0.0
249I,0.0
82P,0.0
118G,0.0
117R,0.0
110Y,0.0
109L,0.0
108R,0.0
107K,0.0
100D,0.0
99V,0.0
96L,0.0
95Y,0.0
79G,0.0
120E,0.0
75L,0.0
62R,0.0
59N,0.0
58A,0.0
57T,0.0
56F,0.0
54M,0.0
53G,0.0
52A,0.0
51G,0.0
119F,0.0
121A,0.0
248N,0.0
229H,0.0
247V,0.0
244E,0.0
241V,0.0
240P,0.0
238H,0.0
237I,0.0
50I,0.0
233N,0.0
231G,0.0
230V,0.0
228M,0.0
124R,0.0
226L,0.0
225T,0.0
223A,0.0
211M,0.0
208L,0.0
207G,0.0
206R,0.0
204A,0.0
203F,0.0
127F,0.0
235H,0.0
