feature,mean_importance
395D,-0.00948027381140506
111Q,-0.007663202156218851
76R,-0.004690537047310439
297D,-0.0031124188505835537
224R,-0.0010523214398640902
234A,-0.0003874255252831027
427H,-0.00014252984052218754
332G,0.0
124R,0.0
334G,0.0
121A,0.0
203F,0.0
204A,0.0
211M,0.0
335A,0.0
336C,0.0
127F,0.0
22I,0.0
296I,0.0
281W,0.0
278F,0.0
230V,0.0
231G,0.0
233N,0.0
254S,0.0
237I,0.0
238H,0.0
252F,0.0
240P,0.0
241V,0.0
244E,0.0
226L,0.0
386F,0.0
119F,0.0
54M,0.0
421R,0.0
417E,0.0
75L,0.0
416E,0.0
79G,0.0
415F,0.0
389S,0.0
82P,0.0
57T,0.0
402W,0.0
424K,0.0
422S,0.0
58A,0.0
52A,0.0
396L,0.0
391R,0.0
99V,0.0
100D,0.0
107K,0.0
50I,0.0
109L,0.0
110Y,0.0
53G,0.0
423H,2.2204460492503132e-17
426W,2.2204460492503132e-17
251A,2.2204460492503132e-17
385W,2.2204460492503132e-17
414C,2.2204460492503132e-17
301M,2.2204460492503132e-17
327A,2.2204460492503132e-17
328V,2.2204460492503132e-17
329P,2.2204460492503132e-17
401E,2.2204460492503132e-17
333A,2.2204460492503132e-17
390S,2.2204460492503132e-17
250A,2.2204460492503132e-17
299W,2.2204460492503132e-17
249I,2.2204460492503132e-17
235H,2.2204460492503132e-17
247V,2.2204460492503132e-17
117R,2.2204460492503132e-17
118G,2.2204460492503132e-17
96L,2.2204460492503132e-17
95Y,2.2204460492503132e-17
62R,2.2204460492503132e-17
206R,2.2204460492503132e-17
108R,2.2204460492503132e-17
208L,2.2204460492503132e-17
223A,2.2204460492503132e-17
207G,2.2204460492503132e-17
228M,2.2204460492503132e-17
229H,2.2204460492503132e-17
59N,2.2204460492503132e-17
56F,2.2204460492503132e-17
51G,2.2204460492503132e-17
225T,2.2204460492503132e-17
248N,2.2204460492503132e-17
418I,4.4408920985006264e-17
292M,4.4408920985006264e-17
330H,4.4408920985006264e-17
394C,4.4408920985006264e-17
337I,4.4408920985006264e-17
120E,6.661338147750939e-17
205F,0.0006292687729910762
236L,0.0013163674863921227
112L,0.0014093239889024557
61V,0.0016176631709076794
227N,0.001962863380159674
425I,0.0021251178167675635
55A,0.002505711578849579
246M,0.002849924341378296
253V,0.004006183114572482
94D,0.00437646597980128
78S,0.004910724316577242
420D,0.005448173300185632
202K,0.005659122099959624
392R,0.0061340498656031524
122C,0.006503500182699673
419K,0.008208986655935457
115G,0.011369857685243234
428F,0.012055176278240886
81V,0.013492835198917663
97R,0.01488734263195619
123R,0.018544514718860095
393V,0.023773099551597676
98W,0.02646882217076818
331H,0.03425565282335019
80A,0.038890183908717346
397Y,0.04620381966040994
239Y,0.1751146378216375
