feature,shap_importance
239Y,0.25911361690990203
97R,0.13657568118035213
397Y,0.10303857168529926
80A,0.06875601651984753
254S,0.03998567538277259
425I,0.023157920653027846
119F,0.02305229939503775
419K,0.020903480784621405
55A,0.020415341037286327
79G,0.017828656283444773
117R,0.016347661507860423
392R,0.015304237929412602
76R,0.014755131319082355
331H,0.013754217397799258
115G,0.013119043554734033
337I,0.012204221501481715
98W,0.011893684616240859
416E,0.010597962742666276
94D,0.009389831545685453
428F,0.009379644526965537
328V,0.008455038433267597
78S,0.008356071101951964
252F,0.00825194466620989
393V,0.007754229925991701
327A,0.007316843147637963
420D,0.007279886009813904
336C,0.0069265279292849355
122C,0.006894158530763625
96L,0.006795870050284685
224R,0.006641605647059097
241V,0.006576362048565879
108R,0.006501517636636115
121A,0.00622853434505961
296I,0.00598391211783487
401E,0.005766528903501503
422S,0.005567646928135336
415F,0.00550477508094856
111Q,0.005431995885615086
59N,0.005427297411621509
427H,0.005232677025976413
82P,0.005132631681275275
234A,0.00490382444588755
396L,0.004821159326552862
236L,0.004720564421670744
297D,0.004714164503053945
235H,0.004567161123007434
226L,0.004207870298452175
100D,0.0040638462941583
227N,0.00402817189823818
281W,0.0040281122281696355
57T,0.00393116247830022
418I,0.0037057199708808246
225T,0.003694847941392597
120E,0.003357250296201435
394C,0.00333235007395969
208L,0.0032706488929257443
417E,0.003044220720650439
109L,0.0030106271810776417
250A,0.002891758218994954
426W,0.002829970381857954
112L,0.002810675725181198
95Y,0.0025812393793206096
202K,0.0025360097928361245
75L,0.0024660079441026954
203F,0.0024338349071159403
223A,0.0022768394974748457
253V,0.0021033427946633623
228M,0.001996744746595079
386F,0.001985204806952773
62R,0.0018497575123321112
207G,0.001685048840730315
233N,0.0014832629566553296
61V,0.0014650274146091144
249I,0.0012102823415707923
58A,0.0011265267788166966
402W,0.001007517756161263
395D,0.0009133408134836601
423H,0.00044033868359256013
391R,0.0
99V,0.0
385W,0.0
51G,0.0
389S,0.0
390S,0.0
52A,0.0
81V,0.0
424K,0.0
414C,0.0
53G,0.0
421R,0.0
54M,0.0
56F,0.0
335A,0.0
205F,0.0
301M,0.0
334G,0.0
333A,0.0
211M,0.0
204A,0.0
229H,0.0
230V,0.0
231G,0.0
50I,0.0
237I,0.0
238H,0.0
127F,0.0
240P,0.0
124R,0.0
244E,0.0
246M,0.0
247V,0.0
248N,0.0
251A,0.0
123R,0.0
278F,0.0
292M,0.0
118G,0.0
299W,0.0
206R,0.0
110Y,0.0
329P,0.0
330H,0.0
107K,0.0
332G,0.0
22I,0.0
