pose,energy,deltae,grms,bonds,angles,ureyb,dihedrals,impropers,vdwaals,elec,hbonds,asp,user,grvdw,grelec
initial,0.0,0.0,0.0,0.0,0.0,0.0,0.0,0.0,0.0,0.0,0.0,0.0,0.0,0.0,0.0
1,-41.464754036918066,41.464754036918066,1.8093065845716403,0.00018861602562258994,-2.8721997426206514e-05,-7.168224924899991e-06,-6.964702281564428e-07,-8.298329556366904e-07,-0.00014613325647871989,9.860036776387915e-06,0.0,0.0,0.0,-0.1329170726593717,-41.33185189053908
