feature,mean_importance
96L,-0.009506827244045012
208L,-0.006275917972266587
79G,-0.005317169812796596
94D,-0.004825679110391068
227N,-0.003926615015475243
422S,-0.003385826280639592
61V,-0.003208834520032755
331H,-0.0025196505010983694
427H,-0.002215292156916471
76R,-0.001982470203829645
246M,-0.0017821469336764429
226L,-0.0015997849827444678
244E,-0.0010981191379353162
109L,-0.0009286893341782232
127F,-0.0007677802989316973
385W,-0.0007129542542999578
424K,-0.000681581573311707
417E,-0.000546696709472827
56F,-0.0005133506682102995
251A,-0.0004670248834922619
211M,-0.00043220905763234895
238H,-0.0002671044190114324
337I,-0.00024283574860486378
241V,-0.0001833741219177787
22I,-7.707532038425668e-05
329P,0.0
419K,0.0
402W,0.0
229H,0.0
230V,0.0
231G,0.0
233N,0.0
395D,0.0
390S,0.0
236L,0.0
389S,0.0
240P,0.0
335A,0.0
334G,0.0
333A,0.0
247V,0.0
248N,0.0
249I,0.0
250A,0.0
332G,0.0
330H,0.0
253V,0.0
299W,0.0
301M,0.0
328V,0.0
327A,0.0
235H,0.0
428F,0.0
95Y,0.0
110Y,0.0
82P,0.0
81V,0.0
52A,0.0
223A,0.0
54M,0.0
62R,0.0
100D,0.0
121A,0.0
51G,0.0
59N,0.0
123R,0.0
124R,0.0
57T,0.0
202K,0.0
99V,0.0
204A,0.0
205F,0.0
206R,0.0
207G,0.0
53G,0.0
50I,0.0
278F,2.9118685681139846e-05
420D,0.00032497569541389826
108R,0.0003373655713384549
228M,0.00035433744742079386
120E,0.00038095493108518673
107K,0.0004297959892103576
336C,0.0004909333681437644
203F,0.0005414921049441412
118G,0.0005422647092087285
414C,0.0005423066224149009
122C,0.000781264549278382
415F,0.0008424654622054106
75L,0.000842998277287843
225T,0.0010246625196570712
252F,0.0010908153509534336
112L,0.0011437811761647598
396L,0.0012291568807223374
418I,0.0012874786282363938
296I,0.0014134574013903833
58A,0.001596228338250083
297D,0.001895169514695727
111Q,0.001951250142684735
421R,0.001957012236904765
281W,0.0021160281955735273
394C,0.0023033810372187656
392R,0.0023648237200224465
416E,0.0024304106826506635
426W,0.0027021062277479357
98W,0.00343321072097309
292M,0.0038486504103659503
117R,0.004228933428126735
119F,0.004361121151660141
55A,0.005308997909805546
391R,0.0054450134551735415
386F,0.00557757601393154
224R,0.006019749048682766
401E,0.007460487365982549
393V,0.007650860036133222
115G,0.007817959337768122
425I,0.008137223307205121
234A,0.00836062949623626
237I,0.008725793410359306
97R,0.010239450626583647
254S,0.012610187076058344
423H,0.014435659641026577
78S,0.01745743989829074
80A,0.018379186148009107
397Y,0.06685019909281023
239Y,0.14733042420805548
