feature,mean_importance
75L,-0.006143365799323908
79G,-0.0035851754982171523
390S,-0.002864440678496316
386F,-0.0022353545700355415
246M,-0.0019542697422151533
80A,-0.0015334755727032024
112L,-0.0013418339375471655
299W,-0.001025629517872595
395D,-0.0008104752243057068
328V,-0.0008067873694243888
241V,-0.0007628132655587372
238H,-0.0007380461195861665
234A,-0.0004756365613459712
415F,-0.00045972933251023915
122C,-0.0004206065102428713
202K,-0.00034125438580772104
251A,-0.00026441873726030797
336C,-0.00024129770912151294
247V,-0.00012497768274386534
250A,-8.314119708985324e-05
394C,-1.7956850649425427e-05
237I,0.0
337I,0.0
385W,0.0
423H,0.0
76R,0.0
231G,0.0
389S,0.0
56F,0.0
227N,0.0
226L,0.0
225T,0.0
53G,0.0
422S,0.0
424K,0.0
224R,0.0
244E,0.0
426W,0.0
248N,0.0
333A,0.0
252F,0.0
253V,0.0
332G,0.0
278F,0.0
331H,0.0
292M,0.0
296I,0.0
50I,0.0
334G,0.0
416E,0.0
223A,0.0
392R,0.0
110Y,0.0
109L,0.0
108R,0.0
107K,0.0
401E,0.0
99V,0.0
111Q,0.0
414C,0.0
96L,0.0
95Y,0.0
94D,0.0
82P,0.0
81V,0.0
417E,0.0
418I,0.0
211M,0.0
419K,0.0
117R,0.0
207G,0.0
205F,0.0
393V,0.0
203F,0.0
115G,0.0
124R,0.0
329P,0.0
421R,0.0
121A,0.0
58A,0.0
119F,0.0
396L,0.0
123R,0.0
428F,0.0
330H,3.048070790678814e-06
391R,1.552050749118461e-05
206R,3.8965647545241566e-05
22I,6.56684132933849e-05
52A,8.10436313033458e-05
236L,0.00011271141453510492
204A,0.0001632374613420806
230V,0.000315179647313002
427H,0.0003220045444408459
120E,0.0003588741548115282
208L,0.00035993447966959914
62R,0.0004158617076237325
59N,0.00047799460654223135
335A,0.0005113144055544083
228M,0.0005278479524649437
402W,0.0005356283207744062
301M,0.0006985003992644456
57T,0.0007405157842613086
127F,0.0008003832067278616
97R,0.0009561137279994858
233N,0.0013014963742299158
281W,0.0013245845181858896
61V,0.0018004241013901856
235H,0.0019845727838417202
100D,0.002170735994096318
98W,0.0022762227288772195
240P,0.002558295234617547
51G,0.002694503135391835
420D,0.00346883552271291
297D,0.0035436011044428506
118G,0.0037393381803280334
54M,0.0040349707165357575
249I,0.004358626373268648
327A,0.005110103217534889
254S,0.0055359315943497075
425I,0.007129331280232898
229H,0.010827708851793605
78S,0.011778704588353173
55A,0.01749503920363582
397Y,0.028228513958178138
239Y,0.070312874225737
