feature,mean_importance
394C,-0.007265084907977415
396L,-0.004639133050321753
100D,-0.0032984245215119667
111Q,-0.002245161427486808
208L,-0.0019906572076572094
237I,-0.0015954161848529714
247V,-0.0013389562094130668
336C,-0.000902423292827792
389S,-0.0008474101794277766
420D,-0.0008101390419964938
236L,-0.0006924666837975435
254S,-0.0006811342074633852
278F,-0.0006249372700089628
231G,-0.0005560884827691571
206R,-0.0004659211681908193
127F,-0.000444659080729104
53G,-0.00043557288461857355
251A,-0.0003892474392743761
238H,-0.00014464328111922774
301M,-8.546471478372286e-05
94D,-5.969590896655052e-05
240P,-3.386712802266878e-05
211M,-3.0831232498296227e-05
249I,-2.4147831068122016e-05
225T,-1.3041438516125936e-05
427H,0.0
395D,0.0
54M,0.0
233N,0.0
230V,0.0
244E,0.0
246M,0.0
402W,0.0
51G,0.0
252F,0.0
227N,0.0
337I,0.0
50I,0.0
390S,0.0
334G,0.0
333A,0.0
391R,0.0
329P,0.0
328V,0.0
327A,0.0
299W,0.0
297D,0.0
392R,0.0
292M,0.0
281W,0.0
253V,0.0
393V,0.0
226L,0.0
58A,0.0
224R,0.0
57T,0.0
109L,0.0
417E,0.0
107K,0.0
424K,0.0
419K,0.0
96L,0.0
426W,0.0
95Y,0.0
81V,0.0
422S,0.0
79G,0.0
76R,0.0
423H,0.0
62R,0.0
59N,0.0
421R,0.0
112L,0.0
110Y,0.0
203F,0.0
223A,0.0
385W,0.0
207G,0.0
205F,0.0
204A,0.0
115G,0.0
415F,0.0
124R,0.0
428F,0.0
416E,0.0
121A,0.0
120E,0.0
119F,0.0
118G,0.0
117R,0.0
123R,0.0
61V,1.1399263530464942e-05
78S,4.299972652881401e-05
229H,9.183932489174041e-05
52A,0.00011517945233801008
248N,0.00012944126944687274
99V,0.00015657103629038716
332G,0.0001846819415028289
331H,0.000307186864225395
22I,0.00031154289958381656
418I,0.0003741375840870864
414C,0.0006131168124682729
122C,0.0006762602912810944
202K,0.0007091058839547415
56F,0.0010698792539425074
75L,0.0012324038312700124
296I,0.001238009359284664
228M,0.0012979528896325699
234A,0.001506758042334444
330H,0.0015167063177860206
335A,0.0017616471879572603
82P,0.002267886717284129
401E,0.002547318577885105
108R,0.0026570039814791
241V,0.0027520175113210587
235H,0.0027705101463956438
80A,0.004007997051872381
250A,0.006686358872968867
386F,0.007188270759284787
97R,0.007374845583640011
397Y,0.008153978409987283
425I,0.01307766705694946
55A,0.01964776100923198
98W,0.03195002107931966
239Y,0.13997188132927624
