feature,mean_importance
118G,-0.0015105605982592696
119F,-0.001467703542298926
108R,-0.0014513509331758768
299W,-0.001134982854710298
206R,-0.0009119619283070923
301M,-0.0007245099444907366
54M,-0.0007066818298861355
238H,-0.0005931230769123496
336C,-0.0005193520132137808
251A,-0.0005170645902986326
385W,-0.00020835783643486928
22I,0.0
329P,0.0
297D,0.0
292M,0.0
253V,0.0
250A,0.0
244E,0.0
240P,0.0
236L,0.0
427H,0.0
233N,0.0
231G,0.0
230V,0.0
227N,0.0
246M,0.0
331H,0.0
333A,0.0
225T,0.0
426W,0.0
424K,0.0
423H,0.0
422S,0.0
421R,0.0
420D,0.0
419K,0.0
417E,0.0
416E,0.0
415F,0.0
414C,0.0
401E,0.0
396L,0.0
395D,0.0
393V,0.0
392R,0.0
391R,0.0
390S,0.0
389S,0.0
337I,0.0
334G,0.0
332G,0.0
224R,0.0
235H,0.0
211M,0.0
111Q,0.0
110Y,0.0
107K,0.0
100D,0.0
99V,0.0
98W,0.0
97R,0.0
96L,0.0
95Y,0.0
94D,0.0
112L,0.0
82P,0.0
80A,0.0
79G,0.0
76R,0.0
75L,0.0
62R,0.0
61V,0.0
59N,0.0
57T,0.0
51G,0.0
50I,0.0
81V,0.0
115G,0.0
109L,0.0
428F,0.0
203F,0.0
123R,0.0
204A,0.0
122C,0.0
205F,0.0
202K,0.0
207G,0.0
121A,0.0
120E,0.0
117R,0.0
127F,0.0
252F,3.6200881499137694e-06
124R,4.667888682179378e-05
402W,4.741504509260252e-05
53G,0.00017209482020603685
228M,0.00022158577561304238
56F,0.0003488479498689356
249I,0.00047939262613119207
328V,0.0005316962448478346
223A,0.0005627250461280209
278F,0.0005829442122522232
248N,0.0006614143948806772
335A,0.000782020217223156
296I,0.0008532415730732712
237I,0.0008692552664796959
418I,0.000902177908206081
52A,0.000986644955724847
386F,0.0010229276251284558
58A,0.0013350414775052722
330H,0.0016981151544453565
281W,0.0017531360196525903
234A,0.0020533908691160673
247V,0.002542990292583891
226L,0.0038784129859380733
241V,0.005279980149557839
394C,0.0056272853696367475
78S,0.0061297860628424464
327A,0.006190161850927844
208L,0.010119712405584225
254S,0.010331964509825986
425I,0.012731058142485364
229H,0.017659327037214158
397Y,0.030851358244293393
55A,0.04366595834529534
239Y,0.26001364383524234
