feature,mean_importance
81V,-0.010020641088591131
420D,-0.00934758535995377
234A,-0.009045494065450632
389S,-0.008929749079383953
94D,-0.007540212297044535
224R,-0.005775688929079137
111Q,-0.005631067129412681
202K,-0.002385379817522004
337I,-0.0021922620571829033
428F,-0.002139867546381247
415F,-0.0018279529508502756
331H,-0.001311168652636474
112L,-0.0011639346022220165
119F,-0.00038314040629297
426W,-0.0001902281203308265
238H,0.0
299W,0.0
297D,0.0
296I,0.0
292M,0.0
281W,0.0
278F,0.0
424K,0.0
253V,0.0
252F,0.0
250A,0.0
249I,0.0
248N,0.0
247V,0.0
246M,0.0
244E,0.0
241V,0.0
240P,0.0
237I,0.0
251A,0.0
402W,0.0
328V,0.0
401E,0.0
396L,0.0
395D,0.0
394C,0.0
393V,0.0
391R,0.0
390S,0.0
416E,0.0
417E,0.0
418I,0.0
386F,0.0
385W,0.0
421R,0.0
336C,0.0
335A,0.0
334G,0.0
333A,0.0
332G,0.0
236L,0.0
329P,0.0
422S,0.0
301M,0.0
327A,0.0
22I,0.0
231G,0.0
99V,0.0
98W,0.0
96L,0.0
95Y,0.0
82P,0.0
79G,0.0
78S,0.0
76R,0.0
75L,0.0
233N,0.0
62R,0.0
59N,0.0
57T,0.0
56F,0.0
55A,0.0
54M,0.0
53G,0.0
52A,0.0
51G,0.0
50I,0.0
61V,0.0
110Y,0.0
235H,0.0
206R,0.0
230V,0.0
229H,0.0
121A,0.0
227N,0.0
226L,0.0
211M,0.0
122C,0.0
208L,0.0
207G,0.0
124R,0.0
120E,0.0
127F,0.0
205F,0.0
107K,0.00020473732207710872
225T,0.00036918554957916517
203F,0.0006276397995046868
123R,0.0009242760433021413
392R,0.0009388827282194257
330H,0.0009740040862509902
414C,0.0011080902527193404
204A,0.0017821772873181986
108R,0.0019251904349587789
419K,0.0020196932112584998
228M,0.0028754678479469887
58A,0.003065892818482285
397Y,0.004249867480115377
115G,0.0046678947831014115
109L,0.005274023459456667
223A,0.0057753493209584
100D,0.006198036769284298
427H,0.006485287360209302
423H,0.006986408476769878
118G,0.009751800311399283
117R,0.0137397040636841
80A,0.014386862295960156
425I,0.021579191261521035
254S,0.033472791038704305
97R,0.03442520629199097
239Y,0.10944114991794414
