feature,mean_importance
420D,-0.0033071542987413325
392R,-0.0017882158698282469
389S,-0.0016436858335479032
415F,-0.001385403237445204
402W,-0.0011770312030937812
110Y,-0.0011544018541433277
95Y,-0.0008792789772108289
224R,-0.0008051044893005122
109L,-0.0004904987144055406
250A,-0.0004265718181539757
292M,-0.0002860681051374492
281W,-0.0002831083219124064
82P,-8.674821261396292e-05
112L,-4.313009419911751e-05
240P,0.0
228M,0.0
229H,0.0
230V,0.0
278F,0.0
231G,0.0
253V,0.0
252F,0.0
241V,0.0
233N,0.0
236L,0.0
248N,0.0
237I,0.0
247V,0.0
246M,0.0
238H,0.0
244E,0.0
249I,0.0
22I,0.0
301M,0.0
327A,0.0
426W,0.0
422S,0.0
421R,0.0
419K,0.0
416E,0.0
414C,0.0
401E,0.0
396L,0.0
395D,0.0
394C,0.0
390S,0.0
336C,0.0
335A,0.0
334G,0.0
333A,0.0
332G,0.0
329P,0.0
299W,0.0
227N,0.0
428F,0.0
225T,0.0
54M,0.0
119F,0.0
120E,0.0
121A,0.0
122C,0.0
53G,0.0
124R,0.0
127F,0.0
202K,0.0
79G,0.0
52A,0.0
51G,0.0
205F,0.0
57T,0.0
61V,0.0
206R,0.0
207G,0.0
96L,0.0
211M,0.0
75L,0.0
203F,0.0
56F,0.0
297D,0.00017782465599942566
391R,0.00023798330211444174
108R,0.0003101503701014918
50I,0.0003269241634747067
386F,0.0004565928546120146
99V,0.000483255548486472
417E,0.0005862087806921545
328V,0.0006137576354988017
62R,0.0006738715805239659
117R,0.000939538544927343
81V,0.0010056881912265058
107K,0.0012246826039098656
385W,0.0013390994996602679
251A,0.0014909633121704458
337I,0.0015638696180648281
223A,0.001641821414835598
418I,0.0016914276669529825
115G,0.001819257561005827
427H,0.00183338595435234
234A,0.0020608909699508793
397Y,0.0021579876217024284
58A,0.0023308623029718147
94D,0.002396506640517759
330H,0.0024003478241455324
59N,0.002707916097789864
424K,0.0029001299909648948
208L,0.0029964846556470802
76R,0.0034301304549589685
423H,0.0034678590510619943
393V,0.003768634141698346
100D,0.00408916777156545
118G,0.004633384547977393
235H,0.004784187964227082
226L,0.00560097696749573
296I,0.005650068323607482
98W,0.008043501450993418
425I,0.008508909412078713
111Q,0.010373424162996936
331H,0.011883438292339265
80A,0.011919288160383679
204A,0.012102108148531543
254S,0.01220898448588561
78S,0.014479113747756522
55A,0.027015104079630547
123R,0.030366118260277818
97R,0.04236004566818852
239Y,0.2411524644921438
