feature,mean_importance
224R,-0.00395845391913967
226L,-0.0035873516184684595
236L,-0.002825154085673587
110Y,-0.0024389419147504477
107K,-0.0022772265190529996
297D,-0.002000460739407339
396L,-0.001960760518497251
235H,-0.001649101823086241
234A,-0.0016452555518156942
249I,-0.0016445370395876235
251A,-0.0014372579549230212
281W,-0.000903847868590324
57T,-0.0008177913751476363
53G,-0.0007000635808448452
394C,-0.0005918725548911929
81V,-0.0005914186127658816
414C,-0.0005650420790692002
418I,-0.0004319577355453852
330H,-0.00035102023031921006
99V,-0.00032164288834508615
50I,-0.0001912326965056943
82P,-0.00011217936956231522
207G,-6.56247352122552e-05
204A,-4.9080961431613444e-05
278F,0.0
253V,0.0
252F,0.0
230V,0.0
231G,0.0
241V,0.0
238H,0.0
237I,0.0
426W,0.0
248N,0.0
247V,0.0
421R,0.0
299W,0.0
415F,0.0
402W,0.0
401E,0.0
395D,0.0
390S,0.0
386F,0.0
385W,0.0
296I,0.0
336C,0.0
334G,0.0
333A,0.0
332G,0.0
229H,0.0
329P,0.0
424K,0.0
301M,0.0
335A,0.0
327A,0.0
22I,0.0
428F,0.0
96L,0.0
112L,0.0
62R,0.0
61V,0.0
59N,0.0
122C,0.0
58A,0.0
56F,0.0
124R,0.0
227N,0.0
127F,0.0
51G,0.0
225T,0.0
211M,0.0
52A,0.0
206R,0.0
54M,0.0
202K,1.3853501423910508e-05
419K,2.8712076174897128e-05
417E,7.267710298268782e-05
240P,7.352880180937494e-05
246M,8.484785544820017e-05
422S,0.0001773988494075951
391R,0.0001896604976221461
208L,0.0001953021849861125
292M,0.00020636948252044095
416E,0.00025220085412140935
337I,0.00034978502170772695
100D,0.0003743673543665116
120E,0.00037731277505572704
393V,0.0004205422051637431
228M,0.0005189455286559897
244E,0.0005619094154868387
392R,0.0006758625102122551
76R,0.0006988640550636083
94D,0.0008088486868927713
331H,0.0009589803307673783
223A,0.0011287355497932694
121A,0.001304806844482176
79G,0.0013944843454328781
233N,0.001443443308898007
109L,0.0016441775932835912
420D,0.0018798059719572712
75L,0.0019249777355697217
78S,0.0020942899013128625
108R,0.0021397926488425866
328V,0.002365823530049904
115G,0.002418671963946428
205F,0.0024816211697929356
389S,0.002498982494494051
95Y,0.0026004216491275047
427H,0.0026576158891440825
80A,0.0027110913444473583
203F,0.0027244038688451155
423H,0.0031548044253046025
117R,0.004544949821746691
55A,0.005726669548379281
98W,0.005962265142372169
118G,0.006274952037492332
111Q,0.006446842860583768
425I,0.007395892226395207
119F,0.00866127437058386
254S,0.010078164952604874
250A,0.013750180875256812
397Y,0.015762647710150922
123R,0.0163712613505435
97R,0.04210914606178369
239Y,0.12902441284756236
