feature,shap_importance
239Y,0.26132960791739956
97R,0.10729204937978062
123R,0.07481418095352575
250A,0.061495060561943565
254S,0.04344714206317521
397Y,0.04201260011792607
107K,0.038803046548266884
425I,0.029141544320837265
80A,0.024619073747332597
81V,0.02189738176433175
117R,0.021496073832069477
331H,0.018523519410004047
119F,0.017758148729663678
203F,0.017314558066391917
111Q,0.016927937925791232
224R,0.016512139376692322
226L,0.015452822728217883
228M,0.014244718502563163
420D,0.01353821176947808
78S,0.013458478143344891
98W,0.013347606208225987
389S,0.010131533095797568
423H,0.010041742362669796
236L,0.009653838288549921
100D,0.009189685074587846
244E,0.009019610663620689
55A,0.008782594142051518
328V,0.008359055463490724
337I,0.00828693888725563
118G,0.008166323558358208
75L,0.007773555198778129
416E,0.006961296762407376
115G,0.006951961393447545
234A,0.006863588354001958
392R,0.006429716594215901
427H,0.006140503857180207
417E,0.005815346834911047
202K,0.005487236256842217
396L,0.005474187667091028
110Y,0.00540986794279835
223A,0.005405641131946436
208L,0.00503214992554546
297D,0.004993318153389419
99V,0.00495434144228993
95Y,0.004517953366971191
418I,0.0042742507250518045
108R,0.004178519076071024
281W,0.0038541457142234835
393V,0.00351272778446398
121A,0.0031113161584687523
50I,0.00309215777203144
249I,0.0030219674116091413
109L,0.0030047301695355104
120E,0.0029756989505722964
251A,0.002958736849350539
207G,0.0028832091783747788
82P,0.002595820065957094
235H,0.0025159855812911785
233N,0.0023516600581076985
419K,0.002230919566081591
94D,0.002199825323566547
394C,0.002104176854012349
53G,0.0017895600617047537
204A,0.001686674522214538
57T,0.0016334846912307186
79G,0.0015518181228257849
422S,0.0015282137966304335
76R,0.001386528489565157
414C,0.0012460121032813226
391R,0.000962703781827493
240P,0.0007190602874081041
246M,0.000678889768879889
205F,0.0006482831769720199
292M,0.0004592969886545109
330H,0.00041585781302467384
112L,0.00033474337567380926
402W,0.0
333A,0.0
426W,0.0
334G,0.0
335A,0.0
336C,0.0
332G,0.0
424K,0.0
385W,0.0
386F,0.0
421R,0.0
395D,0.0
415F,0.0
390S,0.0
401E,0.0
22I,0.0
329P,0.0
225T,0.0
51G,0.0
52A,0.0
54M,0.0
56F,0.0
58A,0.0
59N,0.0
61V,0.0
62R,0.0
96L,0.0
122C,0.0
124R,0.0
127F,0.0
206R,0.0
211M,0.0
227N,0.0
327A,0.0
229H,0.0
230V,0.0
231G,0.0
237I,0.0
238H,0.0
241V,0.0
247V,0.0
248N,0.0
252F,0.0
253V,0.0
278F,0.0
296I,0.0
299W,0.0
301M,0.0
428F,0.0
