feature,shap_importance
239Y,0.31413808479413463
254S,0.08643151928558798
123R,0.07839925513356197
97R,0.07605279738915627
81V,0.07054482347805448
80A,0.05761722135513332
94D,0.036063748273380526
419K,0.03524399511857433
392R,0.028875863603990682
389S,0.02551701384716518
234A,0.024125773612648223
118G,0.02388125046504855
115G,0.02309336846464686
425I,0.023001695086175004
228M,0.021484783949508784
420D,0.020838511124930285
427H,0.02007840320381024
337I,0.018508687559625973
117R,0.015815059276089727
224R,0.01380401426331317
109L,0.013459608101583326
426W,0.012761037045989488
100D,0.012606597663270665
428F,0.012109569918147337
119F,0.010811500770741314
415F,0.010774841420550763
223A,0.01062385718296773
331H,0.010476499345595863
202K,0.00965477619336709
423H,0.009441439694549109
111Q,0.009259140918596543
397Y,0.008272236234893371
203F,0.007569527470216058
58A,0.006904847242416815
414C,0.005652739469112911
204A,0.005531265153937847
112L,0.005346594804705574
330H,0.004240893317176834
225T,0.0036271936888743425
108R,0.0034893199171928987
82P,0.0027493970159205537
107K,0.0018128967382642002
292M,0.0
301M,0.0
329P,0.0
328V,0.0
281W,0.0
297D,0.0
332G,0.0
278F,0.0
333A,0.0
327A,0.0
334G,0.0
299W,0.0
296I,0.0
394C,0.0
335A,0.0
401E,0.0
424K,0.0
422S,0.0
421R,0.0
418I,0.0
417E,0.0
416E,0.0
402W,0.0
396L,0.0
336C,0.0
395D,0.0
252F,0.0
393V,0.0
391R,0.0
390S,0.0
386F,0.0
385W,0.0
253V,0.0
22I,0.0
251A,0.0
124R,0.0
121A,0.0
120E,0.0
110Y,0.0
99V,0.0
98W,0.0
96L,0.0
95Y,0.0
79G,0.0
78S,0.0
76R,0.0
75L,0.0
62R,0.0
61V,0.0
59N,0.0
57T,0.0
56F,0.0
55A,0.0
54M,0.0
53G,0.0
52A,0.0
51G,0.0
122C,0.0
127F,0.0
250A,0.0
205F,0.0
249I,0.0
248N,0.0
247V,0.0
246M,0.0
244E,0.0
241V,0.0
240P,0.0
238H,0.0
237I,0.0
236L,0.0
50I,0.0
233N,0.0
231G,0.0
230V,0.0
229H,0.0
227N,0.0
226L,0.0
211M,0.0
208L,0.0
207G,0.0
206R,0.0
235H,0.0
