{
    "features": 8155.768530845642,
    "process_features_model_1": 28.693949222564697,
    "predict_and_compile_model_1": 279.84587001800537,
    "relax_model_1": 269.1037781238556
}