feature,mean_importance
79G,-0.00507000322235065
394C,-0.0026121224270416743
251A,-0.001299579055875566
393V,-0.0012211431921168136
112L,-0.0009516117464524853
390S,-0.0006556477950977246
203F,-0.0006101415594005344
53G,-0.0005699347532387433
333A,-0.0004765066284552422
223A,-0.0003723035458072621
202K,-0.0002905675567505428
391R,-0.00024339177587515693
115G,-0.00022550582690812339
52A,-0.00021211746747284987
50I,-0.00020740914478514227
385W,-0.0001520401909207658
206R,-5.763414790704857e-06
247V,0.0
244E,0.0
236L,0.0
233N,0.0
427H,0.0
240P,0.0
252F,0.0
237I,0.0
253V,0.0
254S,0.0
278F,0.0
292M,0.0
234A,0.0
246M,0.0
22I,0.0
297D,0.0
426W,0.0
424K,0.0
423H,0.0
422S,0.0
421R,0.0
420D,0.0
419K,0.0
418I,0.0
416E,0.0
296I,0.0
415F,0.0
402W,0.0
395D,0.0
392R,0.0
386F,0.0
335A,0.0
334G,0.0
230V,0.0
331H,0.0
329P,0.0
414C,0.0
227N,0.0
235H,0.0
108R,0.0
111Q,0.0
110Y,0.0
109L,0.0
226L,0.0
107K,0.0
100D,0.0
99V,0.0
95Y,0.0
94D,0.0
82P,0.0
81V,0.0
80A,0.0
76R,0.0
62R,0.0
61V,0.0
58A,0.0
57T,0.0
56F,0.0
54M,0.0
117R,0.0
118G,0.0
428F,0.0
211M,0.0
121A,0.0
207G,0.0
205F,0.0
224R,0.0
204A,0.0
225T,0.0
124R,0.0
123R,0.0
417E,9.699949491182025e-06
249I,8.562165652317155e-05
337I,0.00013663652569200212
281W,0.00018809251254992
59N,0.00029388927762665775
328V,0.0004846130526321435
389S,0.0005965708286047589
332G,0.0007014201403246822
122C,0.0008036986664023971
96L,0.0008969089339997405
231G,0.0009613701699612732
248N,0.0010464063315148264
228M,0.0010518904164766418
299W,0.0011758534442965374
97R,0.0014818821123698145
336C,0.0017540820906059018
396L,0.00195683560019988
250A,0.002051855256871371
301M,0.0022425192472460996
238H,0.0023187363608816016
127F,0.002371839494014405
119F,0.002610263812203195
330H,0.002661473016941063
78S,0.002852522615765474
208L,0.0029339036795764883
401E,0.0033330751075946853
241V,0.003639631205267224
51G,0.004499171628604981
327A,0.00520445211084084
120E,0.005839279748420312
229H,0.006957587690173938
425I,0.009489370427075627
75L,0.01017253409489378
98W,0.014476087628316692
55A,0.017722359025378352
397Y,0.028630569097066606
239Y,0.19992940781643825
