feature,mean_importance
234A,-0.0025360054738397864
59N,-0.002272741433554959
225T,-0.0021250735795984798
82P,-0.0020374251417614618
330H,-0.0014605595257584313
205F,-0.0009651626488445641
278F,-0.0008602028532947337
394C,-0.0008503289234975897
390S,-0.0007857254185942963
54M,-0.0006610141182323837
299W,-0.0006306665689150837
386F,-0.0005727701687657349
122C,-0.0005687850405008632
333A,-0.0004021502718216885
208L,-0.0003051584019330811
52A,-0.000278063676897089
206R,-0.00022074639595555113
335A,-5.142275811129693e-05
58A,-4.627046704683835e-05
253V,0.0
327A,0.0
249I,0.0
246M,0.0
281W,0.0
244E,0.0
240P,0.0
292M,0.0
296I,0.0
237I,0.0
301M,0.0
233N,0.0
252F,0.0
250A,0.0
22I,0.0
331H,0.0
426W,0.0
424K,0.0
423H,0.0
422S,0.0
421R,0.0
420D,0.0
419K,0.0
418I,0.0
417E,0.0
416E,0.0
415F,0.0
414C,0.0
401E,0.0
396L,0.0
393V,0.0
392R,0.0
389S,0.0
337I,0.0
336C,0.0
231G,0.0
334G,0.0
329P,0.0
230V,0.0
235H,0.0
228M,0.0
117R,0.0
115G,0.0
112L,0.0
111Q,0.0
229H,0.0
110Y,0.0
109L,0.0
107K,0.0
100D,0.0
99V,0.0
96L,0.0
95Y,0.0
94D,0.0
81V,0.0
80A,0.0
76R,0.0
75L,0.0
62R,0.0
61V,0.0
57T,0.0
53G,0.0
118G,0.0
119F,0.0
428F,0.0
120E,0.0
121A,0.0
123R,0.0
124R,0.0
226L,0.0
223A,0.0
203F,0.0
207G,0.0
204A,0.0
211M,2.0743730436101338e-05
427H,4.456932157383964e-05
227N,0.00016259885988201273
332G,0.00017599713062570465
248N,0.0002647246491155997
50I,0.0004153383605822736
247V,0.0005955478137177339
391R,0.0006163685409156016
402W,0.0006487354102226561
297D,0.0007440568187568886
385W,0.0007684014125499461
395D,0.0008363317393838887
241V,0.0008814465593430576
224R,0.0008823543439241633
202K,0.0009921707457078099
97R,0.0011707724510299
56F,0.0012199354859973477
238H,0.00144889480644661
78S,0.0016914657659491406
79G,0.0020190160104235797
251A,0.002944139984412164
236L,0.0030453182598622285
51G,0.004426672859055314
127F,0.0046863676073350515
328V,0.00516698055544178
98W,0.00714148733960609
108R,0.007328277601988509
55A,0.0073739869669297905
254S,0.02161623581128589
425I,0.026312782292410453
397Y,0.03167517762221459
239Y,0.12853558933777914
