feature,mean_importance
333A,-0.0017425342350297023
208L,-0.0016692192721071031
54M,-0.0016263735768389464
330H,-0.0009046519075593506
278F,-0.0006404532252523021
327A,-0.0005879688129772909
402W,-0.000522223168344782
205F,-0.0005066335930965727
231G,-0.0005017284032271085
235H,-0.00045543862312154016
249I,-0.0004078754951874375
332G,-0.00032954158260836144
250A,-0.0003191908961159617
416E,-0.0002786597994599571
206R,-0.0001501973649140842
248N,-0.00010902702706439005
337I,-5.090724347824871e-05
417E,0.0
251A,0.0
247V,0.0
244E,0.0
238H,0.0
236L,0.0
427H,0.0
234A,0.0
233N,0.0
423H,0.0
424K,0.0
426W,0.0
230V,0.0
253V,0.0
422S,0.0
296I,0.0
418I,0.0
415F,0.0
414C,0.0
419K,0.0
396L,0.0
395D,0.0
393V,0.0
392R,0.0
389S,0.0
386F,0.0
335A,0.0
334G,0.0
420D,0.0
226L,0.0
329P,0.0
421R,0.0
301M,0.0
299W,0.0
281W,0.0
225T,0.0
22I,0.0
100D,0.0
111Q,0.0
110Y,0.0
109L,0.0
108R,0.0
107K,0.0
224R,0.0
96L,0.0
95Y,0.0
82P,0.0
112L,0.0
81V,0.0
79G,0.0
76R,0.0
75L,0.0
62R,0.0
61V,0.0
58A,0.0
57T,0.0
56F,0.0
50I,0.0
80A,0.0
115G,0.0
428F,0.0
124R,0.0
203F,0.0
118G,0.0
119F,0.0
202K,0.0
121A,0.0
122C,0.0
117R,0.0
237I,2.470498303805968e-05
53G,5.855785383299672e-05
331H,7.018483589418256e-05
228M,0.0002440188860557413
240P,0.00027944321580108955
227N,0.0002830634523708575
94D,0.00028597605691440544
123R,0.0003636635483590389
207G,0.00038118755017759744
246M,0.00042699241055674795
401E,0.000444604413112426
229H,0.0004886554583315661
252F,0.0005290810914986066
336C,0.0005797673845462814
52A,0.0006735542929636074
211M,0.0006901912464478688
385W,0.0007690531011596447
223A,0.0007876625394890535
204A,0.0008785350671582481
99V,0.0009208765243432726
391R,0.0009902486086420747
394C,0.0013170699796935415
390S,0.0013991480283080504
292M,0.0017558875331327827
241V,0.0018259325335725717
127F,0.0020027688320991112
97R,0.002350203572999221
51G,0.002489834433506233
59N,0.0026586313377513935
120E,0.004148865587803341
328V,0.00495965601199373
98W,0.005587243257869789
297D,0.007869549280117826
425I,0.00825797893087179
78S,0.013967489499261142
254S,0.015259821006635166
397Y,0.019182505739490006
55A,0.03503869102163755
239Y,0.12322401224130144
