feature,mean_importance
127F,-0.006075457269479179
278F,-0.0029487122967979396
301M,-0.0021386723182381883
331H,-0.0019469316494467258
98W,-0.001923362699835529
332G,-0.0018029738915437577
241V,-0.0017278242192686477
418I,-0.0016617831956040607
121A,-0.0014879398450496461
228M,-0.0012354081376972914
251A,-0.0009533145827501199
94D,-0.0005499629330750544
249I,-0.0005326246138789515
205F,-0.0003958891225247507
335A,-0.0002635034252814972
206R,-0.0002610965741274729
202K,-0.0002167406837076058
233N,-0.00016226392950842162
95Y,-0.000140876859692618
417E,-5.918044108175202e-05
235H,-2.166746632319416e-05
240P,0.0
244E,0.0
238H,0.0
237I,0.0
424K,0.0
246M,0.0
236L,0.0
234A,0.0
423H,0.0
252F,0.0
253V,0.0
426W,0.0
254S,0.0
416E,0.0
281W,0.0
415F,0.0
414C,0.0
402W,0.0
401E,0.0
396L,0.0
395D,0.0
392R,0.0
389S,0.0
422S,0.0
385W,0.0
419K,0.0
334G,0.0
420D,0.0
230V,0.0
329P,0.0
421R,0.0
297D,0.0
296I,0.0
337I,0.0
292M,0.0
428F,0.0
107K,0.0
96L,0.0
108R,0.0
82P,0.0
109L,0.0
110Y,0.0
111Q,0.0
112L,0.0
115G,0.0
117R,0.0
118G,0.0
119F,0.0
120E,0.0
122C,0.0
227N,0.0
123R,0.0
81V,0.0
61V,0.0
80A,0.0
203F,0.0
204A,0.0
207G,0.0
79G,0.0
76R,0.0
211M,0.0
226L,0.0
58A,0.0
57T,0.0
224R,0.0
225T,0.0
386F,3.919184784837437e-05
333A,5.665057953436747e-05
390S,0.00013881020321462322
248N,0.00014223118548835069
299W,0.00020287511710359585
22I,0.00021960208530158454
56F,0.0003174046914472317
231G,0.00033586828435052676
391R,0.0003391678436387879
52A,0.0003511719273157077
328V,0.00037912167668519015
100D,0.0004334422677339411
336C,0.0004779545091934123
75L,0.00048061448978102826
124R,0.0005803613352115544
327A,0.0006323987084605465
59N,0.0006683722787860225
53G,0.0007016679012351812
50I,0.0009010875411771258
394C,0.000906723517105723
427H,0.000928494864844609
208L,0.0009713808688080139
393V,0.0009930942558784128
62R,0.0011064692958035805
247V,0.0013930709921603946
223A,0.0018375265777019977
250A,0.0018794099845660828
99V,0.0021599415621520236
51G,0.003173443296930034
425I,0.00472216885057144
78S,0.005759685941361381
54M,0.0067051832403917985
330H,0.00969902232389055
229H,0.01579216991673944
397Y,0.018896129620637758
97R,0.02079808452916676
55A,0.051586065592608234
239Y,0.19615699270030226
