feature,shap_importance
239Y,1.3455863
55A,0.34746146
397Y,0.34477055
80A,0.31843707
226L,0.2453661
81V,0.24293688
97R,0.23038304
94D,0.22306773
425I,0.20973665
416E,0.18045421
115G,0.17913873
253V,0.16418009
224R,0.13487875
117R,0.12999961
107K,0.11833867
393V,0.11817982
297D,0.11401412
100D,0.10572934
76R,0.10378249
427H,0.09427089
108R,0.09334433
415F,0.09306146
119F,0.089850105
82P,0.08836466
422S,0.08602417
395D,0.083175436
428F,0.08170515
396L,0.08068004
246M,0.07806921
50I,0.073311895
208L,0.07241946
228M,0.07055237
423H,0.06932832
111Q,0.06816854
424K,0.0674769
296I,0.06727238
337I,0.06705654
401E,0.06681983
79G,0.065941036
420D,0.06515812
419K,0.063014485
223A,0.061704658
234A,0.060318664
254S,0.0591305
418I,0.054367512
417E,0.0536175
96L,0.050970722
120E,0.05063593
249I,0.050192524
122C,0.049537443
202K,0.04950372
402W,0.048105225
112L,0.047789633
203F,0.046729993
110Y,0.046724323
98W,0.046071894
233N,0.04383325
99V,0.041839775
61V,0.03963411
58A,0.03782391
109L,0.03718278
391R,0.035832416
236L,0.03578663
292M,0.034715675
121A,0.03401744
62R,0.032836713
59N,0.03275814
235H,0.032460455
301M,0.031407315
127F,0.029613899
327A,0.029461542
229H,0.029213263
230V,0.028605422
244E,0.028495101
328V,0.024090063
251A,0.023713123
386F,0.023226213
414C,0.022913773
237I,0.022795238
421R,0.022280155
56F,0.021939028
57T,0.021812439
389S,0.020497391
78S,0.020034699
123R,0.018976534
330H,0.018116381
392R,0.015713999
281W,0.015551107
238H,0.015514743
75L,0.015175308
252F,0.014648557
333A,0.012898499
204A,0.012325202
95Y,0.011863875
227N,0.011147727
207G,0.010918212
118G,0.010495315
241V,0.010470235
225T,0.010454953
385W,0.0099038705
278F,0.009631353
211M,0.009332946
54M,0.009254159
247V,0.009030355
250A,0.007150447
205F,0.006361072
426W,0.0063398494
394C,0.0038521513
240P,0.0037496104
331H,0.0030004024
52A,0.0019429752
51G,0.0018294319
248N,0.0013049513
335A,0.00096873095
53G,0.00083861547
231G,0.00073551375
22I,0.00071319495
336C,0.00028458683
390S,0.0
329P,0.0
124R,0.0
332G,0.0
334G,0.0
206R,0.0
299W,0.0
