feature,shap_importance
239Y,1.4582814
97R,0.37725762
55A,0.3661407
397Y,0.30625957
117R,0.2722557
254S,0.22849692
94D,0.19345398
80A,0.18349636
428F,0.17602366
115G,0.1466153
81V,0.1450794
425I,0.13695513
401E,0.12884763
424K,0.12695888
236L,0.1244888
417E,0.118597865
297D,0.111610495
246M,0.10886234
402W,0.10717436
419K,0.105352454
78S,0.104411215
233N,0.102167614
107K,0.097252235
292M,0.087451495
108R,0.0793588
112L,0.076469176
396L,0.07641612
111Q,0.07558314
82P,0.073272005
247V,0.07252421
422S,0.071640134
226L,0.0715703
423H,0.071431
427H,0.07139556
224R,0.07088045
229H,0.06756759
296I,0.06682142
208L,0.06464414
96L,0.064596936
249I,0.06314007
119F,0.06090448
225T,0.060813688
420D,0.05646921
110Y,0.056050092
253V,0.055656545
99V,0.055234376
415F,0.053288296
62R,0.05327193
76R,0.050691053
418I,0.050247937
244E,0.04894323
223A,0.046566784
395D,0.044755593
95Y,0.044639565
386F,0.044267796
414C,0.04401786
416E,0.041923273
327A,0.0407592
227N,0.03982058
54M,0.03810911
127F,0.037713543
230V,0.037159313
228M,0.03444232
122C,0.034412175
50I,0.03267602
58A,0.031618837
337I,0.031135153
394C,0.031081384
251A,0.030454297
79G,0.02893877
203F,0.028818712
393V,0.027651845
98W,0.026726928
278F,0.026272302
250A,0.024584541
421R,0.024400216
328V,0.022742769
75L,0.021746231
235H,0.02155922
392R,0.019986112
391R,0.019803138
109L,0.019669866
118G,0.018875865
204A,0.01875572
59N,0.018064994
211M,0.01800704
238H,0.016902098
57T,0.016869351
202K,0.016741924
234A,0.016264278
281W,0.015812468
120E,0.015158895
100D,0.015010662
207G,0.014475129
240P,0.014416088
61V,0.01403674
237I,0.012249798
333A,0.010299552
385W,0.009915348
52A,0.009746076
123R,0.009632201
389S,0.009476915
336C,0.009310144
301M,0.00881802
205F,0.008196495
252F,0.0050299875
121A,0.004946053
248N,0.002571595
331H,0.0020581065
56F,0.0020283032
241V,0.0017883796
231G,0.0016434464
51G,0.001545026
330H,0.0014754334
22I,0.000824259
390S,0.0
329P,0.0
299W,0.0
332G,0.0
334G,0.0
53G,0.0
335A,0.0
426W,0.0
124R,0.0
206R,0.0
