feature,shap_importance
239Y,1.5359936
55A,0.52878565
80A,0.2593756
81V,0.25177664
94D,0.22366482
253V,0.22225946
416E,0.19333018
397Y,0.16471799
117R,0.15806621
62R,0.15805778
425I,0.15374517
337I,0.13228609
420D,0.13015503
119F,0.12917909
401E,0.12705295
419K,0.12441119
118G,0.12286492
115G,0.1092287
97R,0.10629605
427H,0.10472859
111Q,0.10272502
108R,0.101053186
428F,0.096199125
76R,0.09282328
389S,0.08995353
223A,0.081350245
228M,0.07993634
50I,0.07986628
233N,0.07951838
122C,0.07847906
402W,0.07709153
58A,0.07558511
237I,0.07310662
421R,0.06750255
79G,0.06450599
415F,0.06435278
110Y,0.06261807
393V,0.062467806
121A,0.062352885
297D,0.06220343
107K,0.06089533
423H,0.060623974
331H,0.05962121
292M,0.05881834
59N,0.056701966
112L,0.05476924
414C,0.0546718
296I,0.054418467
224R,0.053840593
54M,0.04875754
225T,0.047277927
417E,0.04683449
396L,0.04605833
98W,0.046001468
395D,0.045233432
238H,0.044584833
394C,0.044071067
203F,0.043378763
61V,0.04126633
205F,0.040828064
236L,0.03970689
120E,0.03933699
418I,0.03851439
229H,0.038377315
424K,0.037464403
386F,0.037449844
95Y,0.0369573
82P,0.036176343
251A,0.03597118
127F,0.035558272
226L,0.035412338
234A,0.033872966
96L,0.031606324
208L,0.03106627
246M,0.030721497
301M,0.030689783
249I,0.02936827
281W,0.027627485
109L,0.024904989
235H,0.02366343
99V,0.023036133
100D,0.022911925
254S,0.022573886
422S,0.022179183
57T,0.021954983
123R,0.020776363
202K,0.020235332
227N,0.01986701
78S,0.016217332
211M,0.015975876
207G,0.014596122
333A,0.014136504
385W,0.014096679
75L,0.013656752
250A,0.013071051
391R,0.012903141
327A,0.012527177
392R,0.012430174
244E,0.011586335
241V,0.011365161
426W,0.01127997
247V,0.010911453
328V,0.009662484
330H,0.009252129
56F,0.008974332
240P,0.008165724
22I,0.0063382606
252F,0.0053177564
278F,0.005193491
230V,0.0046836305
390S,0.0027047838
204A,0.0021287352
51G,0.00104333
248N,0.0008505861
336C,0.0007639857
231G,0.0005174912
299W,0.0004942023
124R,0.0
335A,0.0
334G,0.0
206R,0.0
329P,0.0
53G,0.0
52A,0.0
332G,0.0
