feature,shap_importance
239Y,1.3795662
55A,0.5883676
117R,0.29683363
425I,0.2776359
81V,0.2620149
115G,0.18709877
427H,0.17115363
415F,0.16636907
236L,0.16579482
97R,0.16195789
94D,0.15918633
420D,0.15164205
80A,0.14580722
393V,0.1431965
417E,0.13994437
229H,0.13906613
253V,0.13562413
76R,0.1314458
107K,0.12995994
235H,0.12897895
108R,0.12888142
397Y,0.12882437
297D,0.1256184
78S,0.12388713
82P,0.121098325
224R,0.11670713
111Q,0.115477264
416E,0.11345525
226L,0.10927525
246M,0.10097484
414C,0.10067752
423H,0.09748538
401E,0.0961774
402W,0.09530217
203F,0.09102355
119F,0.09006942
428F,0.08830927
249I,0.07734908
225T,0.0764513
110Y,0.076094076
419K,0.07503638
112L,0.07448339
386F,0.07409739
98W,0.073650345
127F,0.071944855
251A,0.06591602
50I,0.0653157
396L,0.062101167
233N,0.06127357
254S,0.058192387
424K,0.05714509
56F,0.055331606
58A,0.054499276
96L,0.05375137
418I,0.0529447
247V,0.047838867
120E,0.044848472
234A,0.0430251
99V,0.042307127
79G,0.04116729
122C,0.040970832
337I,0.040679708
228M,0.039753888
61V,0.039008234
223A,0.038524467
327A,0.038093567
59N,0.03663476
230V,0.03594788
237I,0.03578449
278F,0.035204086
62R,0.034521893
296I,0.03380132
211M,0.033256255
109L,0.032953102
75L,0.03099661
118G,0.03053531
391R,0.030353323
208L,0.030258683
54M,0.030238766
392R,0.02916381
328V,0.02904011
395D,0.028372595
421R,0.027585914
100D,0.026707638
95Y,0.025083182
207G,0.02382074
121A,0.021520663
123R,0.020728117
301M,0.018753972
394C,0.018705962
244E,0.017595185
292M,0.017257364
227N,0.01702142
57T,0.016974162
422S,0.016541936
205F,0.015201709
385W,0.013332401
204A,0.011037432
241V,0.0098244995
389S,0.009435013
333A,0.008875635
281W,0.004177656
202K,0.004022835
331H,0.0034735866
252F,0.0034698513
51G,0.0031316266
22I,0.0025984608
426W,0.0024077734
330H,0.002213802
240P,0.0014556735
336C,0.0014500654
52A,0.001202198
335A,0.000977849
238H,0.000699442
248N,0.0004892852
231G,0.0
390S,0.0
329P,0.0
206R,0.0
332G,0.0
334G,0.0
250A,0.0
53G,0.0
124R,0.0
299W,0.0
