feature,shap_importance
239Y,1.063279
55A,1.0528512
397Y,0.3875268
81V,0.29964256
94D,0.23860651
80A,0.20470032
97R,0.18894172
401E,0.17699158
117R,0.17470333
425I,0.1730046
50I,0.17293587
236L,0.15476128
119F,0.14810073
428F,0.14392255
416E,0.14379819
396L,0.13898736
246M,0.1299265
254S,0.12973425
427H,0.12562321
415F,0.12381618
76R,0.11628161
108R,0.115715876
417E,0.11405804
226L,0.107065395
395D,0.10669583
253V,0.10510994
111Q,0.10287274
107K,0.0923395
414C,0.090512045
420D,0.09047695
115G,0.084608085
228M,0.077343404
98W,0.07449583
78S,0.07234809
327A,0.06920398
62R,0.06755473
54M,0.06666033
227N,0.06448216
419K,0.06270613
224R,0.06252763
208L,0.058132283
423H,0.05734455
251A,0.05180139
230V,0.05101657
249I,0.048948087
223A,0.045819692
418I,0.045355797
328V,0.045309473
57T,0.044614732
79G,0.04404906
203F,0.039690513
118G,0.039581046
109L,0.038825765
238H,0.038650222
237I,0.038409326
393V,0.03805731
58A,0.037999697
422S,0.037916772
296I,0.03542582
110Y,0.034773402
392R,0.03472356
424K,0.033605263
225T,0.031516023
122C,0.030865002
59N,0.03051978
244E,0.02972853
247V,0.029633254
336C,0.028645972
250A,0.028114695
337I,0.028109353
402W,0.02778792
95Y,0.027666863
96L,0.027424024
61V,0.02613672
297D,0.024677936
56F,0.02333539
386F,0.023174362
99V,0.022221081
52A,0.02178966
292M,0.02155908
112L,0.020051312
82P,0.019959569
301M,0.018352136
127F,0.017851343
123R,0.017392706
233N,0.017347002
333A,0.017131291
207G,0.01655627
278F,0.016168544
330H,0.014622388
234A,0.013994444
120E,0.013003206
202K,0.012983383
331H,0.012512978
421R,0.011842229
229H,0.011820022
22I,0.010136668
240P,0.010113789
121A,0.008801201
389S,0.008544611
205F,0.008469969
385W,0.008330686
75L,0.008195214
241V,0.0077602956
211M,0.007603175
252F,0.0074049667
100D,0.007214109
204A,0.0036970633
335A,0.0021381374
51G,0.001687217
426W,0.0016172242
248N,0.0011068141
281W,0.0010334876
394C,0.00097009493
53G,0.00037935923
231G,0.000120226796
390S,0.0
334G,0.0
124R,0.0
391R,0.0
206R,0.0
332G,0.0
299W,0.0
329P,0.0
235H,0.0
