feature,mean_importance
251A,-0.0032361440323400714
423H,-0.0018362040668191693
100D,-0.0017782090246031058
59N,-0.0016140936848782817
253V,-0.001147772244290146
122C,-0.0010153916954125375
422S,-0.0008394227540285514
234A,-0.0006519981522632445
396L,-0.0006008683600080778
115G,-0.0004959118804778173
424K,-0.0003849739800666496
327A,-0.0003803910268692201
240P,-0.00034543844800323243
76R,-0.00033184392824963104
56F,-0.0003134944772658077
127F,-0.00031235344257927176
22I,-0.00023329480313400986
418I,-0.00022535053896610702
227N,-0.00020547400090746847
337I,-0.0001337871367269372
231G,-0.00013113086132863217
252F,-8.818415616000941e-05
107K,-3.5121780307600935e-05
112L,-1.6336059535770886e-06
292M,0.0
236L,0.0
427H,0.0
333A,0.0
336C,0.0
237I,0.0
230V,0.0
228M,0.0
401E,0.0
334G,0.0
395D,0.0
390S,0.0
391R,0.0
244E,0.0
246M,0.0
247V,0.0
250A,0.0
329P,0.0
414C,0.0
328V,0.0
392R,0.0
278F,0.0
299W,0.0
297D,0.0
281W,0.0
389S,0.0
224R,0.0
415F,0.0
211M,0.0
420D,0.0
421R,0.0
96L,0.0
81V,0.0
80A,0.0
79G,0.0
78S,0.0
75L,0.0
62R,0.0
61V,0.0
58A,0.0
54M,0.0
53G,0.0
426W,0.0
50I,0.0
108R,0.0
109L,0.0
99V,0.0
111Q,0.0
385W,0.0
416E,0.0
206R,0.0
205F,0.0
204A,0.0
203F,0.0
124R,0.0
110Y,0.0
419K,0.0
386F,0.0
119F,0.0
118G,0.0
117R,0.0
120E,0.0
248N,7.76194955312004e-06
249I,2.121153679404131e-05
394C,4.171578216476402e-05
301M,4.1941567131309475e-05
335A,9.392464435409309e-05
238H,0.00010881413357519688
95Y,0.00013035616904999436
52A,0.0001528454121666689
223A,0.00017393972590566963
57T,0.00021391653922839816
332G,0.0002503065195760268
121A,0.0002553187696898274
233N,0.00028347758499309706
428F,0.0005472971085987765
225T,0.0006000768244998733
417E,0.0006147724896773399
202K,0.0007829540511577804
331H,0.0008639084158261978
393V,0.0009107361024493609
94D,0.0009606856081270321
229H,0.0009871249581451913
235H,0.0011326071784325542
207G,0.001570025256106522
330H,0.0018860394029276862
241V,0.0021220615247542927
397Y,0.0025237157288944267
296I,0.002616524956348987
226L,0.0037069416740962867
402W,0.003951098499466154
123R,0.004241219848066358
51G,0.00444025622973272
208L,0.005017547175854143
82P,0.006127029156036556
97R,0.006649719614308181
254S,0.008901378383602365
425I,0.012516741953260113
98W,0.015396003530811364
55A,0.02445950108072086
239Y,0.1456966628072744
