feature,mean_importance
236L,-0.006631849306239834
332G,-0.0023125480293181956
208L,-0.0008962021614236981
203F,-0.0008952992590794739
115G,-0.0008634574741778866
402W,-0.0007223276012805035
422S,-0.0007028169000102391
330H,-0.0006918423497467074
248N,-0.000677844798597893
333A,-0.0006770884901876828
246M,-0.0006483313292668491
206R,-0.0005343505423909712
205F,-0.00040366322396840905
207G,-0.000389878249232245
240P,-0.00029002047960045017
122C,-0.00022827993424194836
327A,-0.0001606866252017891
76R,-0.00010470322365776496
252F,-6.825714974774133e-05
117R,-6.580435151872787e-05
231G,-4.438464011973231e-05
53G,-4.114568228612559e-05
22I,-5.309649231977076e-06
335A,0.0
426W,0.0
233N,0.0
424K,0.0
423H,0.0
421R,0.0
420D,0.0
427H,0.0
419K,0.0
418I,0.0
238H,0.0
417E,0.0
241V,0.0
416E,0.0
334G,0.0
244E,0.0
401E,0.0
251A,0.0
395D,0.0
392R,0.0
389S,0.0
253V,0.0
281W,0.0
292M,0.0
296I,0.0
301M,0.0
230V,0.0
329P,0.0
386F,0.0
415F,0.0
226L,0.0
428F,0.0
108R,0.0
82P,0.0
52A,0.0
112L,0.0
57T,0.0
110Y,0.0
109L,0.0
97R,0.0
62R,0.0
107K,0.0
100D,0.0
94D,0.0
99V,0.0
225T,0.0
95Y,0.0
56F,0.0
119F,0.0
81V,0.0
120E,0.0
61V,0.0
224R,0.0
79G,0.0
211M,0.0
59N,0.0
58A,0.0
80A,0.0
202K,0.0
50I,0.0
124R,0.0
121A,0.0
127F,0.0
96L,0.0
299W,5.8514790575170395e-06
111Q,1.186143977964793e-05
390S,3.532307529845458e-05
391R,5.542337971347067e-05
54M,8.281410623744989e-05
396L,0.0002644574535019428
414C,0.0002883366784850017
250A,0.00043955623522835553
227N,0.00046216229256621497
337I,0.0004680034498586672
278F,0.0004745502496330101
228M,0.0004828435677695753
204A,0.0005262337158303376
223A,0.0005405117479841514
234A,0.0005645728007515726
249I,0.0005979760052565952
51G,0.0006909760808912369
331H,0.0008345971634019289
237I,0.0012492832360581519
336C,0.0013830368273505035
247V,0.0015659728222432445
229H,0.0016184794822147852
328V,0.0017204968971720636
235H,0.0018242272695929928
394C,0.001872081271738457
123R,0.0028062849007475022
297D,0.002935164310427818
385W,0.003771095465905305
393V,0.004707601559440544
118G,0.004898447217537738
397Y,0.008853033367158415
75L,0.012524368142534747
425I,0.013565570650153092
78S,0.01511123159933967
254S,0.016810972244116963
98W,0.025615797210122526
55A,0.0359121328815333
239Y,0.13480285218012483
