feature,mean_importance
111Q,-0.0023545269875951736
118G,-0.0014753484900286384
127F,-0.0014020322792005935
224R,-0.0011417641553714386
234A,-0.0007000204562510826
241V,-0.00047240629066431784
223A,-0.0004606935161539205
331H,-0.0003831395633936641
50I,-0.0003730365694254889
122C,-0.00033004181200422254
227N,-0.0003218547573925035
278F,-0.00024108046301263286
52A,-7.513843210760207e-05
231G,-7.041665290141719e-05
53G,-2.847279515336698e-05
252F,-2.3109190671632974e-05
299W,0.0
296I,0.0
292M,0.0
254S,0.0
22I,0.0
249I,0.0
247V,0.0
244E,0.0
238H,0.0
237I,0.0
236L,0.0
427H,0.0
251A,0.0
246M,0.0
328V,0.0
327A,0.0
426W,0.0
424K,0.0
423H,0.0
422S,0.0
420D,0.0
419K,0.0
416E,0.0
415F,0.0
414C,0.0
401E,0.0
396L,0.0
395D,0.0
394C,0.0
393V,0.0
392R,0.0
390S,0.0
389S,0.0
337I,0.0
336C,0.0
335A,0.0
334G,0.0
332G,0.0
329P,0.0
301M,0.0
230V,0.0
428F,0.0
228M,0.0
115G,0.0
112L,0.0
109L,0.0
108R,0.0
107K,0.0
100D,0.0
96L,0.0
94D,0.0
117R,0.0
82P,0.0
80A,0.0
76R,0.0
75L,0.0
62R,0.0
61V,0.0
59N,0.0
58A,0.0
57T,0.0
81V,0.0
119F,0.0
99V,0.0
120E,0.0
204A,0.0
121A,0.0
206R,0.0
226L,0.0
207G,0.0
124R,0.0
203F,0.0
225T,0.0
208L,0.0
211M,0.0
110Y,2.754481450086832e-05
202K,4.257514287271391e-05
95Y,5.506146110350052e-05
205F,8.718207197324634e-05
240P,0.00010694172098053567
417E,0.00023991455512095694
333A,0.00030272518661031975
56F,0.00039382687777591576
229H,0.00045752739221507357
51G,0.0005898978852342696
233N,0.0006577356387535537
281W,0.0006747043215793891
386F,0.000687823611452143
421R,0.0011750058707385546
250A,0.0012533402356351697
54M,0.00129434009728564
248N,0.0013428556614006881
297D,0.0013733299131197807
235H,0.001388209825672626
79G,0.001548642583984483
402W,0.001598415728411884
385W,0.0017599003091268938
418I,0.002581696133121403
391R,0.002614281669168039
330H,0.0032183675637741604
253V,0.005502996048289188
425I,0.005930465521852102
397Y,0.008471875006683583
123R,0.011487780656508396
78S,0.013326735384897925
55A,0.014531319480505168
97R,0.017678978767310838
98W,0.03400107753662163
239Y,0.17491760179115434
