feature,mean_importance
226L,-0.005751316282518193
237I,-0.0029531023667152432
58A,-0.0013159871299393445
301M,-0.00020289351889108965
333A,-0.00014170231630421525
52A,-0.0001364627685271902
327A,-6.0529187445035326e-05
390S,-9.089516063554016e-06
281W,0.0
292M,0.0
296I,0.0
22I,0.0
278F,0.0
299W,0.0
329P,0.0
297D,0.0
254S,0.0
251A,0.0
252F,0.0
250A,0.0
249I,0.0
248N,0.0
247V,0.0
246M,0.0
244E,0.0
238H,0.0
236L,0.0
427H,0.0
253V,0.0
334G,0.0
336C,0.0
233N,0.0
426W,0.0
425I,0.0
424K,0.0
423H,0.0
422S,0.0
421R,0.0
419K,0.0
418I,0.0
417E,0.0
416E,0.0
415F,0.0
335A,0.0
414C,0.0
401E,0.0
396L,0.0
395D,0.0
394C,0.0
393V,0.0
392R,0.0
391R,0.0
389S,0.0
386F,0.0
385W,0.0
337I,0.0
402W,0.0
231G,0.0
235H,0.0
229H,0.0
230V,0.0
111Q,0.0
110Y,0.0
109L,0.0
108R,0.0
107K,0.0
100D,0.0
99V,0.0
97R,0.0
96L,0.0
94D,0.0
112L,0.0
81V,0.0
79G,0.0
76R,0.0
75L,0.0
62R,0.0
61V,0.0
59N,0.0
57T,0.0
56F,0.0
54M,0.0
51G,0.0
50I,0.0
80A,0.0
115G,0.0
428F,0.0
206R,0.0
208L,0.0
223A,0.0
207G,0.0
117R,0.0
205F,0.0
204A,0.0
203F,0.0
211M,0.0
202K,0.0
225T,0.0
124R,0.0
227N,0.0
122C,0.0
121A,0.0
120E,0.0
119F,0.0
228M,0.0
118G,0.0
127F,0.00015883393682358804
241V,0.0003886836066864907
224R,0.00042985255246714705
95Y,0.00047019961938665755
240P,0.0005368164119833541
53G,0.0007094222200250799
332G,0.000735833861382873
328V,0.0008187218279089636
330H,0.0008586995165059009
234A,0.0012607132774942631
82P,0.0013732580323464693
123R,0.0036725981227484716
331H,0.004452223671474398
420D,0.005628123556251685
397Y,0.007244027519587126
55A,0.018580667123215357
98W,0.024927812837797304
78S,0.05057444628138528
239Y,0.14684449344856354
