feature,mean_importance
207G,-0.0030757546914054633
240P,-0.002536656793713643
223A,-0.0023308456022908875
54M,-0.0018141699423494194
58A,-0.0015556224192008416
278F,-0.0010820362855463949
59N,-0.0009392756113505207
327A,-0.0008143825297416418
50I,-0.0005486033919620548
396L,-0.0003508336924628264
247V,-0.00028284470225161675
332G,-0.00024360965571734727
236L,-0.0002093084505776055
299W,-0.00019745664406407571
206R,-0.00019230486493966304
249I,-9.622705133609522e-05
234A,-6.325132553655077e-05
391R,-2.7230599405081436e-05
252F,0.0
329P,0.0
253V,0.0
244E,0.0
281W,0.0
292M,0.0
296I,0.0
238H,0.0
301M,0.0
328V,0.0
250A,0.0
22I,0.0
336C,0.0
334G,0.0
426W,0.0
424K,0.0
423H,0.0
422S,0.0
421R,0.0
420D,0.0
419K,0.0
418I,0.0
417E,0.0
333A,0.0
415F,0.0
401E,0.0
395D,0.0
393V,0.0
392R,0.0
390S,0.0
389S,0.0
385W,0.0
337I,0.0
231G,0.0
402W,0.0
228M,0.0
235H,0.0
428F,0.0
94D,0.0
120E,0.0
119F,0.0
118G,0.0
117R,0.0
112L,0.0
111Q,0.0
226L,0.0
79G,0.0
109L,0.0
108R,0.0
107K,0.0
100D,0.0
99V,0.0
81V,0.0
96L,0.0
95Y,0.0
76R,0.0
122C,0.0
82P,0.0
61V,0.0
124R,0.0
127F,0.0
202K,0.0
62R,0.0
203F,0.0
224R,0.0
225T,0.0
204A,0.0
75L,0.0
230V,3.438561561110998e-05
115G,4.957835526349097e-05
335A,8.661875122581986e-05
416E,9.54182728289954e-05
57T,0.00014354253243586967
394C,0.00027116928069521596
248N,0.0002785428802594359
414C,0.00032561171056264546
52A,0.00035803361692618994
386F,0.00041960427727452123
110Y,0.00044315913584984655
211M,0.000460307743184063
233N,0.0004674991910346149
53G,0.0006302419456432507
205F,0.0007274666274354136
229H,0.0008253173784077639
121A,0.0008310606063963056
241V,0.0010283167827407791
227N,0.0010809830521696152
237I,0.0011265767540709736
427H,0.0015577389104770134
51G,0.0016089692274148914
330H,0.0016833250810691647
297D,0.002002562253512097
56F,0.002381494748684143
251A,0.003175574042489915
208L,0.003468801039035885
246M,0.003858509557462142
123R,0.004962209371241033
80A,0.007667132905270257
331H,0.008194382863959172
78S,0.009294694997947817
425I,0.010839313650888438
254S,0.013271061226815584
55A,0.013878502375282941
97R,0.014064527241925483
98W,0.014711554202880617
397Y,0.018343597084469487
239Y,0.11626911048935533
