feature,mean_importance
94D,-0.008166578030550386
119F,-0.008137628525854645
247V,-0.0058017658630767684
75L,-0.003842051919684386
250A,-0.0034824685474117655
76R,-0.002757506133113319
414C,-0.0023154606257218104
224R,-0.002239132861057014
253V,-0.0018778823540512857
402W,-0.0017015664423086995
98W,-0.0012721465967865165
203F,-0.0009569161313485175
227N,-0.0009387005614229337
111Q,-0.0008176776120462304
428F,-0.0005117723381663275
419K,-0.00037925418421449477
418I,-0.0002496121742998847
415F,-0.00017246645258139903
392R,-2.482669450438735e-05
296I,0.0
297D,0.0
292M,0.0
299W,0.0
281W,0.0
278F,0.0
249I,0.0
251A,0.0
248N,0.0
244E,0.0
241V,0.0
240P,0.0
238H,0.0
252F,0.0
327A,0.0
334G,0.0
330H,0.0
426W,0.0
425I,0.0
423H,0.0
421R,0.0
417E,0.0
416E,0.0
401E,0.0
397Y,0.0
396L,0.0
395D,0.0
394C,0.0
391R,0.0
390S,0.0
389S,0.0
386F,0.0
385W,0.0
336C,0.0
335A,0.0
237I,0.0
333A,0.0
332G,0.0
329P,0.0
231G,0.0
22I,0.0
110Y,0.0
121A,0.0
118G,0.0
112L,0.0
109L,0.0
108R,0.0
100D,0.0
95Y,0.0
122C,0.0
82P,0.0
59N,0.0
58A,0.0
56F,0.0
53G,0.0
52A,0.0
51G,0.0
50I,0.0
62R,0.0
124R,0.0
235H,0.0
223A,0.0
208L,0.0
207G,0.0
206R,0.0
127F,0.0
225T,0.0
226L,0.0
228M,0.0
204A,0.0
202K,0.0
205F,0.0
211M,0.0
96L,4.02776367333324e-05
107K,8.591803531325937e-05
54M,0.00013453961316356455
229H,0.00022330581693044138
328V,0.00028487472200244834
99V,0.0002875018999518808
233N,0.0003813972898635054
123R,0.0007541606045630367
337I,0.0007999480802969528
234A,0.0008787441908953752
424K,0.0009837386478860344
57T,0.0010819551591053854
301M,0.0012650011309298438
55A,0.0014993367380046862
61V,0.001820302660386197
422S,0.0018406633018369866
81V,0.0021132453019360176
246M,0.0022303157901188753
79G,0.0026430214654249882
230V,0.002915176340793946
120E,0.0034695043800824664
427H,0.0036710930382271465
236L,0.0038893846637871655
331H,0.004329634875238608
393V,0.005818276062428174
115G,0.006331009202333782
80A,0.007295567564756
420D,0.007636793408857012
117R,0.009328134254698273
254S,0.01611914672855146
78S,0.016320943217500085
97R,0.024581118789781975
239Y,0.054620043830160614
