feature,shap_importance
239Y,0.6671772
97R,0.61615145
120E,0.3471128
254S,0.3384272
123R,0.3136835
80A,0.30962616
253V,0.29763627
94D,0.28618863
420D,0.27947298
246M,0.24131566
78S,0.24106817
427H,0.18795079
107K,0.18160297
61V,0.17477119
428F,0.16873156
79G,0.1596334
98W,0.13925302
111Q,0.13098083
422S,0.12928717
393V,0.12720345
392R,0.12519693
229H,0.12130271
230V,0.11788023
115G,0.11201707
75L,0.096138075
117R,0.09539467
119F,0.095008686
331H,0.09327892
122C,0.08383073
62R,0.083683036
397Y,0.081946865
236L,0.08162726
234A,0.07277507
424K,0.06942309
419K,0.06891241
81V,0.06678855
224R,0.065367706
55A,0.058206536
233N,0.05591029
76R,0.054758083
301M,0.0482563
57T,0.04675349
226L,0.041530583
54M,0.031553667
227N,0.029682297
247V,0.028744426
415F,0.028426783
418I,0.02530092
337I,0.024523553
402W,0.023697315
423H,0.02082572
414C,0.01892126
328V,0.01809397
99V,0.0103460755
426W,0.0
332G,0.0
297D,0.0
425I,0.0
299W,0.0
330H,0.0
329P,0.0
327A,0.0
333A,0.0
391R,0.0
334G,0.0
335A,0.0
336C,0.0
385W,0.0
386F,0.0
389S,0.0
390S,0.0
394C,0.0
395D,0.0
396L,0.0
292M,0.0
401E,0.0
416E,0.0
417E,0.0
421R,0.0
296I,0.0
22I,0.0
281W,0.0
278F,0.0
202K,0.0
127F,0.0
124R,0.0
121A,0.0
118G,0.0
112L,0.0
110Y,0.0
109L,0.0
108R,0.0
100D,0.0
96L,0.0
95Y,0.0
82P,0.0
59N,0.0
58A,0.0
56F,0.0
53G,0.0
52A,0.0
51G,0.0
203F,0.0
204A,0.0
205F,0.0
238H,0.0
252F,0.0
251A,0.0
250A,0.0
249I,0.0
248N,0.0
244E,0.0
241V,0.0
240P,0.0
237I,0.0
206R,0.0
50I,0.0
231G,0.0
228M,0.0
225T,0.0
223A,0.0
211M,0.0
208L,0.0
207G,0.0
235H,0.0
