feature,mean_importance
420D,-0.00424760814801044
393V,-0.0013360568512994497
236L,-0.001302572653954348
79G,-0.0009137847202729477
428F,-0.0005395256701004492
111Q,-0.00043937379875818027
96L,-0.000382789987397536
122C,-0.0003810805414456109
226L,-0.0003313354564359994
234A,-0.00021317239446816405
57T,-5.558573427693059e-05
301M,-5.451832191059047e-05
331H,-5.382002297660282e-05
203F,-2.587632421990893e-05
395D,0.0
296I,0.0
292M,0.0
424K,0.0
281W,0.0
278F,0.0
252F,0.0
251A,0.0
297D,0.0
250A,0.0
248N,0.0
244E,0.0
241V,0.0
240P,0.0
238H,0.0
237I,0.0
425I,0.0
426W,0.0
249I,0.0
299W,0.0
421R,0.0
327A,0.0
394C,0.0
401E,0.0
402W,0.0
391R,0.0
390S,0.0
389S,0.0
386F,0.0
385W,0.0
414C,0.0
336C,0.0
335A,0.0
334G,0.0
333A,0.0
332G,0.0
416E,0.0
330H,0.0
329P,0.0
417E,0.0
328V,0.0
396L,0.0
231G,0.0
22I,0.0
235H,0.0
124R,0.0
121A,0.0
118G,0.0
56F,0.0
112L,0.0
110Y,0.0
53G,0.0
108R,0.0
100D,0.0
99V,0.0
58A,0.0
59N,0.0
95Y,0.0
82P,0.0
229H,0.0
127F,0.0
54M,0.0
204A,0.0
205F,0.0
206R,0.0
50I,0.0
228M,0.0
225T,0.0
51G,0.0
223A,0.0
207G,0.0
52A,0.0
208L,0.0
211M,0.0
202K,0.0
422S,5.0521812525095024e-05
415F,9.095959185829727e-05
419K,0.00012700223330266435
337I,0.00012767769575832143
233N,0.00024662444210910017
62R,0.00031832901828257045
418I,0.0011157838291072863
76R,0.001276013793715469
246M,0.00130661106612302
109L,0.001388911620141453
81V,0.0014536394681556653
423H,0.0018701617437672402
227N,0.0020378482180186674
392R,0.0021074394594473578
230V,0.002183797291244316
247V,0.002257142669285561
55A,0.002401033820337517
427H,0.002431222684232526
119F,0.0024717426174375888
397Y,0.002710149522466776
224R,0.0027947545365755388
94D,0.0029038530920283854
75L,0.003181438893079691
98W,0.0032207306384680833
107K,0.0034432931253349343
253V,0.004052269660744279
78S,0.004093400949993731
115G,0.004102234021726802
61V,0.004845906798559429
120E,0.005449997328491052
117R,0.00924482871609993
123R,0.009597680713218315
80A,0.02657895819788949
254S,0.029638018863028727
97R,0.05054352532129687
239Y,0.12427710670394347
