feature,shap_importance
239Y,0.72280145
254S,0.5486762
97R,0.5071759
80A,0.49621457
120E,0.35529053
420D,0.3003958
117R,0.29930335
427H,0.2456044
123R,0.23838668
253V,0.21183175
78S,0.2102629
246M,0.1570031
119F,0.15132815
236L,0.13880712
75L,0.136788
331H,0.12400168
422S,0.098411284
393V,0.09624273
230V,0.096153475
94D,0.09350093
111Q,0.08883573
54M,0.08262142
61V,0.08027067
423H,0.069731586
418I,0.068103425
428F,0.0639232
224R,0.06071282
392R,0.04631215
81V,0.04556032
55A,0.04348702
203F,0.04251194
76R,0.037121955
115G,0.03310173
122C,0.03298254
96L,0.0323302
107K,0.030461036
415F,0.029725093
424K,0.02715317
79G,0.026883796
57T,0.026452158
98W,0.02353734
62R,0.023010897
419K,0.021105997
227N,0.019279819
247V,0.01846634
233N,0.015034543
301M,0.014801741
414C,0.004595798
238H,0.0027201697
330H,0.0
299W,0.0
329P,0.0
297D,0.0
296I,0.0
327A,0.0
328V,0.0
425I,0.0
332G,0.0
426W,0.0
333A,0.0
385W,0.0
334G,0.0
396L,0.0
417E,0.0
416E,0.0
402W,0.0
421R,0.0
401E,0.0
281W,0.0
397Y,0.0
395D,0.0
335A,0.0
394C,0.0
391R,0.0
390S,0.0
389S,0.0
386F,0.0
337I,0.0
336C,0.0
292M,0.0
22I,0.0
278F,0.0
252F,0.0
202K,0.0
127F,0.0
124R,0.0
121A,0.0
118G,0.0
112L,0.0
110Y,0.0
109L,0.0
108R,0.0
100D,0.0
99V,0.0
95Y,0.0
82P,0.0
59N,0.0
58A,0.0
56F,0.0
53G,0.0
52A,0.0
51G,0.0
204A,0.0
205F,0.0
206R,0.0
50I,0.0
251A,0.0
250A,0.0
249I,0.0
248N,0.0
244E,0.0
241V,0.0
240P,0.0
237I,0.0
234A,0.0
207G,0.0
231G,0.0
229H,0.0
228M,0.0
226L,0.0
225T,0.0
223A,0.0
211M,0.0
208L,0.0
235H,0.0
