feature,shap_importance
239Y,0.72280145
254S,0.54888356
97R,0.5072408
80A,0.48268703
120E,0.36528277
117R,0.29382384
420D,0.2888012
123R,0.24873957
427H,0.24488172
78S,0.21123667
253V,0.18214257
246M,0.16464677
75L,0.15422305
119F,0.15069088
236L,0.1377617
331H,0.11115291
230V,0.10995904
428F,0.09896405
61V,0.09881213
422S,0.09760345
111Q,0.09627649
393V,0.095989585
224R,0.081077576
94D,0.079005755
423H,0.069696054
418I,0.06917237
54M,0.06572667
79G,0.054069787
81V,0.045438703
203F,0.04214977
55A,0.042085
76R,0.037110865
392R,0.036998592
115G,0.033529066
122C,0.03298254
96L,0.032434363
107K,0.0303973
415F,0.029880762
419K,0.029068656
424K,0.02650938
57T,0.0263587
62R,0.023010897
98W,0.02280312
227N,0.019279819
247V,0.01855978
414C,0.01626931
233N,0.014864337
301M,0.014801741
238H,0.0027201697
332G,0.0
296I,0.0
330H,0.0
329P,0.0
328V,0.0
426W,0.0
425I,0.0
327A,0.0
299W,0.0
297D,0.0
333A,0.0
390S,0.0
334G,0.0
395D,0.0
417E,0.0
416E,0.0
402W,0.0
401E,0.0
281W,0.0
397Y,0.0
396L,0.0
394C,0.0
335A,0.0
391R,0.0
421R,0.0
389S,0.0
386F,0.0
385W,0.0
337I,0.0
336C,0.0
292M,0.0
22I,0.0
278F,0.0
252F,0.0
202K,0.0
127F,0.0
124R,0.0
121A,0.0
118G,0.0
112L,0.0
110Y,0.0
109L,0.0
108R,0.0
100D,0.0
99V,0.0
95Y,0.0
82P,0.0
59N,0.0
58A,0.0
56F,0.0
53G,0.0
52A,0.0
51G,0.0
204A,0.0
205F,0.0
206R,0.0
50I,0.0
251A,0.0
250A,0.0
249I,0.0
248N,0.0
244E,0.0
241V,0.0
240P,0.0
237I,0.0
234A,0.0
207G,0.0
231G,0.0
229H,0.0
228M,0.0
226L,0.0
225T,0.0
223A,0.0
211M,0.0
208L,0.0
235H,0.0
