feature,shap_importance
239Y,0.74883044
97R,0.5774686
254S,0.47259665
420D,0.33439025
117R,0.28119212
80A,0.2704543
123R,0.2375489
78S,0.21101807
393V,0.20333776
236L,0.2000036
427H,0.18464278
119F,0.17795208
111Q,0.16404495
120E,0.15971321
81V,0.1447567
75L,0.13729198
392R,0.13722807
94D,0.13687925
79G,0.12908113
57T,0.12842493
107K,0.12504281
224R,0.1224004
61V,0.117361896
115G,0.11227375
428F,0.101680666
234A,0.0855069
227N,0.083119355
253V,0.07188692
226L,0.07155476
246M,0.06444852
423H,0.062897794
122C,0.06196061
55A,0.061530944
415F,0.05992849
76R,0.05705101
331H,0.050947223
397Y,0.0498193
230V,0.04961689
247V,0.048507508
422S,0.04555319
54M,0.039187215
418I,0.037594717
98W,0.03748974
419K,0.037086517
109L,0.035557322
96L,0.025938118
301M,0.02518765
62R,0.02095653
233N,0.015254502
424K,0.014140504
337I,0.013152134
203F,0.0013051752
332G,0.0
330H,0.0
329P,0.0
328V,0.0
425I,0.0
327A,0.0
299W,0.0
333A,0.0
426W,0.0
297D,0.0
334G,0.0
386F,0.0
335A,0.0
401E,0.0
417E,0.0
416E,0.0
421R,0.0
414C,0.0
402W,0.0
292M,0.0
396L,0.0
336C,0.0
395D,0.0
394C,0.0
391R,0.0
390S,0.0
389S,0.0
385W,0.0
296I,0.0
22I,0.0
281W,0.0
100D,0.0
202K,0.0
127F,0.0
124R,0.0
121A,0.0
118G,0.0
112L,0.0
110Y,0.0
108R,0.0
99V,0.0
205F,0.0
95Y,0.0
82P,0.0
59N,0.0
58A,0.0
56F,0.0
53G,0.0
52A,0.0
51G,0.0
204A,0.0
206R,0.0
278F,0.0
238H,0.0
252F,0.0
251A,0.0
250A,0.0
249I,0.0
248N,0.0
244E,0.0
241V,0.0
240P,0.0
237I,0.0
207G,0.0
50I,0.0
231G,0.0
229H,0.0
228M,0.0
225T,0.0
223A,0.0
211M,0.0
208L,0.0
235H,0.0
