feature,shap_importance
239Y,0.75314265
97R,0.6291323
80A,0.49275059
120E,0.41693485
254S,0.4161686
94D,0.37943676
75L,0.31140685
119F,0.29886603
392R,0.2922023
253V,0.26811102
123R,0.25616416
111Q,0.25255945
420D,0.24676189
393V,0.24349901
117R,0.23702872
78S,0.23428492
247V,0.23312417
57T,0.23043887
428F,0.22585541
331H,0.21378592
236L,0.20736936
76R,0.2039125
107K,0.18882789
61V,0.18484858
422S,0.18129104
81V,0.17700496
246M,0.15996349
427H,0.15661669
233N,0.13772957
54M,0.13375555
62R,0.127173
224R,0.123356305
203F,0.12185529
230V,0.11423319
397Y,0.09304506
99V,0.085898235
414C,0.08422203
418I,0.08091915
115G,0.06651883
96L,0.06332509
301M,0.06194033
79G,0.059336998
419K,0.059173875
98W,0.043252166
423H,0.041965164
55A,0.040553126
226L,0.03666246
109L,0.028906053
250A,0.022473454
415F,0.019747479
122C,0.018601254
227N,0.01845961
395D,0.015151406
297D,0.010173539
234A,0.0077743493
292M,0.004424702
386F,0.0
385W,0.0
299W,0.0
426W,0.0
425I,0.0
424K,0.0
327A,0.0
328V,0.0
421R,0.0
329P,0.0
330H,0.0
417E,0.0
416E,0.0
401E,0.0
332G,0.0
333A,0.0
396L,0.0
334G,0.0
335A,0.0
394C,0.0
336C,0.0
391R,0.0
390S,0.0
337I,0.0
389S,0.0
402W,0.0
22I,0.0
296I,0.0
108R,0.0
204A,0.0
202K,0.0
127F,0.0
124R,0.0
121A,0.0
118G,0.0
112L,0.0
110Y,0.0
100D,0.0
281W,0.0
95Y,0.0
82P,0.0
59N,0.0
58A,0.0
56F,0.0
53G,0.0
52A,0.0
51G,0.0
205F,0.0
206R,0.0
207G,0.0
208L,0.0
278F,0.0
252F,0.0
251A,0.0
249I,0.0
248N,0.0
244E,0.0
241V,0.0
240P,0.0
238H,0.0
237I,0.0
50I,0.0
231G,0.0
229H,0.0
228M,0.0
225T,0.0
223A,0.0
211M,0.0
235H,0.0
