feature,shap_importance
239Y,0.76083624
97R,0.6242964
80A,0.5004389
254S,0.4161686
120E,0.41528422
94D,0.36302412
119F,0.3498406
75L,0.3297421
392R,0.3080995
253V,0.2646945
393V,0.2580473
123R,0.25634453
117R,0.23645426
78S,0.23252656
236L,0.23126729
111Q,0.22753012
420D,0.22683994
428F,0.2258623
247V,0.22060457
57T,0.21805613
331H,0.21253258
76R,0.1891411
246M,0.18599176
81V,0.18507841
61V,0.18118101
422S,0.16771604
427H,0.15582494
107K,0.14780287
233N,0.13823579
54M,0.13231845
62R,0.127173
224R,0.12532176
230V,0.11407895
203F,0.109269775
397Y,0.093939036
99V,0.085898235
96L,0.077181235
419K,0.07620413
414C,0.07544412
301M,0.069219306
418I,0.06715867
115G,0.05771036
423H,0.055633493
79G,0.04742
98W,0.043252166
55A,0.041077897
415F,0.035984576
109L,0.028906053
226L,0.028291833
250A,0.02270478
227N,0.01845961
122C,0.015684532
395D,0.015129932
297D,0.010173539
234A,0.0054014223
292M,0.004424702
386F,0.0
385W,0.0
299W,0.0
426W,0.0
425I,0.0
424K,0.0
327A,0.0
328V,0.0
421R,0.0
329P,0.0
330H,0.0
417E,0.0
416E,0.0
401E,0.0
332G,0.0
333A,0.0
396L,0.0
334G,0.0
335A,0.0
394C,0.0
336C,0.0
391R,0.0
390S,0.0
337I,0.0
389S,0.0
402W,0.0
22I,0.0
296I,0.0
108R,0.0
204A,0.0
202K,0.0
127F,0.0
124R,0.0
121A,0.0
118G,0.0
112L,0.0
110Y,0.0
100D,0.0
281W,0.0
95Y,0.0
82P,0.0
59N,0.0
58A,0.0
56F,0.0
53G,0.0
52A,0.0
51G,0.0
205F,0.0
206R,0.0
207G,0.0
208L,0.0
278F,0.0
252F,0.0
251A,0.0
249I,0.0
248N,0.0
244E,0.0
241V,0.0
240P,0.0
238H,0.0
237I,0.0
50I,0.0
231G,0.0
229H,0.0
228M,0.0
225T,0.0
223A,0.0
211M,0.0
235H,0.0
