feature,mean_importance
427H,-0.002110049303576145
246M,-0.0017810281276343654
79G,-0.0011843850409769096
122C,-0.0011076714753745609
203F,-0.00040544998125138234
236L,-0.0003770912537373494
424K,-0.0003041398273893048
224R,-0.00029881217752594227
301M,-0.00021767127495928574
107K,-0.00016352561672763332
61V,-0.00015832931700958673
96L,-0.00010938233729584912
111Q,-9.468926722746573e-05
54M,-7.260944918692225e-05
76R,-1.968389085256206e-05
327A,0.0
299W,0.0
297D,0.0
328V,0.0
296I,0.0
252F,0.0
281W,0.0
278F,0.0
329P,0.0
251A,0.0
250A,0.0
249I,0.0
248N,0.0
247V,0.0
244E,0.0
241V,0.0
240P,0.0
237I,0.0
292M,0.0
330H,0.0
22I,0.0
333A,0.0
426W,0.0
425I,0.0
421R,0.0
418I,0.0
417E,0.0
416E,0.0
415F,0.0
414C,0.0
402W,0.0
401E,0.0
397Y,0.0
396L,0.0
395D,0.0
394C,0.0
392R,0.0
391R,0.0
390S,0.0
389S,0.0
386F,0.0
385W,0.0
337I,0.0
336C,0.0
334G,0.0
332G,0.0
335A,0.0
235H,0.0
233N,0.0
118G,0.0
234A,0.0
110Y,0.0
109L,0.0
108R,0.0
100D,0.0
99V,0.0
95Y,0.0
82P,0.0
59N,0.0
58A,0.0
57T,0.0
56F,0.0
53G,0.0
52A,0.0
51G,0.0
50I,0.0
121A,0.0
124R,0.0
112L,0.0
202K,0.0
231G,0.0
229H,0.0
228M,0.0
226L,0.0
127F,0.0
223A,0.0
211M,0.0
208L,0.0
207G,0.0
225T,0.0
206R,0.0
205F,0.0
204A,0.0
423H,6.128318877107741e-05
238H,0.00014627505856825706
55A,0.00020690387990101032
422S,0.00030547277216455007
419K,0.00035607652312303896
62R,0.0003607473414705575
393V,0.0005415219723819309
115G,0.0006308946982924058
227N,0.0006383350455617442
94D,0.0007628844220595177
81V,0.000890821371092887
428F,0.001065963259842051
230V,0.0012055701834251086
119F,0.0015951455581978413
98W,0.001631560356143047
253V,0.0018021303576877478
331H,0.0031822451311781077
75L,0.003306894278131378
420D,0.003493895866425656
120E,0.004183591969580558
117R,0.004945798047694838
78S,0.006455458350569399
254S,0.012193670648946808
123R,0.013214340159691963
80A,0.01824743605880854
97R,0.04503562676170505
239Y,0.10183191013982498
