feature,shap_importance
239Y,0.7483552
97R,0.57707214
254S,0.47259665
420D,0.32841
117R,0.28119212
80A,0.2785727
123R,0.24252187
236L,0.19609472
393V,0.19494951
427H,0.19190763
78S,0.18557721
119F,0.16590759
120E,0.1639199
111Q,0.16380036
75L,0.1370819
392R,0.1368056
81V,0.13276389
224R,0.13260424
57T,0.1294985
94D,0.12547706
428F,0.12053009
61V,0.1172155
107K,0.11315708
115G,0.11220517
79G,0.10105555
234A,0.085467994
227N,0.083119355
226L,0.07741009
253V,0.0712634
246M,0.06439508
423H,0.062897794
122C,0.06213689
55A,0.061530944
415F,0.06005603
331H,0.058434837
76R,0.05670961
418I,0.051148467
96L,0.050006114
397Y,0.0498193
230V,0.04961689
247V,0.048370454
422S,0.04560367
54M,0.040196035
98W,0.03748974
419K,0.037007682
109L,0.035557322
301M,0.025211524
62R,0.02095653
233N,0.015086579
424K,0.013955391
337I,0.013152134
328V,0.011553207
414C,0.0066551976
203F,0.0013051752
327A,0.0
425I,0.0
332G,0.0
330H,0.0
297D,0.0
426W,0.0
299W,0.0
333A,0.0
329P,0.0
421R,0.0
389S,0.0
334G,0.0
335A,0.0
336C,0.0
385W,0.0
386F,0.0
390S,0.0
391R,0.0
394C,0.0
395D,0.0
396L,0.0
401E,0.0
292M,0.0
402W,0.0
416E,0.0
417E,0.0
296I,0.0
22I,0.0
281W,0.0
100D,0.0
202K,0.0
127F,0.0
124R,0.0
121A,0.0
118G,0.0
112L,0.0
110Y,0.0
108R,0.0
99V,0.0
205F,0.0
95Y,0.0
82P,0.0
59N,0.0
58A,0.0
56F,0.0
53G,0.0
52A,0.0
51G,0.0
204A,0.0
206R,0.0
278F,0.0
238H,0.0
252F,0.0
251A,0.0
250A,0.0
249I,0.0
248N,0.0
244E,0.0
241V,0.0
240P,0.0
237I,0.0
207G,0.0
50I,0.0
231G,0.0
229H,0.0
228M,0.0
225T,0.0
223A,0.0
211M,0.0
208L,0.0
235H,0.0
