feature,mean_importance
78S,-0.006741834364562105
107K,-0.006366369989981124
79G,-0.004118378487337049
246M,-0.0037308622914624225
301M,-0.0023838539843458184
115G,-0.0021778992455766533
424K,-0.0015406583357288062
62R,-0.0014146855751792752
226L,-0.0012980019247316177
423H,-0.0009060823953294772
122C,-0.000869983753346526
393V,-0.0008298612053853516
229H,-0.0006725533270691919
57T,-0.0006518247167029756
331H,-9.367027465836397e-05
237I,0.0
299W,0.0
297D,0.0
296I,0.0
292M,0.0
281W,0.0
250A,0.0
252F,0.0
251A,0.0
249I,0.0
248N,0.0
244E,0.0
241V,0.0
240P,0.0
238H,0.0
278F,0.0
231G,0.0
22I,0.0
329P,0.0
426W,0.0
425I,0.0
421R,0.0
417E,0.0
416E,0.0
401E,0.0
396L,0.0
395D,0.0
394C,0.0
327A,0.0
391R,0.0
389S,0.0
386F,0.0
385W,0.0
336C,0.0
335A,0.0
334G,0.0
333A,0.0
332G,0.0
330H,0.0
390S,0.0
228M,0.0
235H,0.0
225T,0.0
118G,0.0
112L,0.0
110Y,0.0
109L,0.0
100D,0.0
99V,0.0
96L,0.0
121A,0.0
95Y,0.0
59N,0.0
58A,0.0
56F,0.0
53G,0.0
52A,0.0
51G,0.0
50I,0.0
82P,0.0
124R,0.0
108R,0.0
223A,0.0
202K,0.0
127F,0.0
211M,0.0
203F,0.0
208L,0.0
204A,0.0
207G,0.0
206R,0.0
205F,0.0
111Q,2.1237758807401973e-05
415F,3.875836460707216e-05
224R,5.58565090219787e-05
54M,0.00011248103376617635
337I,0.00025395830442391797
236L,0.00030974527170142264
328V,0.00032050476286069605
230V,0.00045864810965148275
392R,0.0004924568560827458
247V,0.0005280941365713332
227N,0.0005834348679307321
418I,0.000615971674581628
422S,0.0007040274654885659
414C,0.0007302390299288808
234A,0.0010285377951271713
402W,0.001090297255530448
419K,0.001242396527205636
397Y,0.001351062733545394
76R,0.0015176568943333856
94D,0.0016829818217869662
55A,0.001876473274216628
119F,0.0021210061274020255
81V,0.002168280599885719
233N,0.002369828854339695
61V,0.0024434015199721994
253V,0.0026608815035188194
427H,0.0029846135033182895
428F,0.0041961462382810845
75L,0.004540186617747866
117R,0.00460893433226881
98W,0.00625700156642015
120E,0.00687349391540133
123R,0.0069971981492028545
80A,0.008063061728355424
254S,0.018337998207075067
420D,0.018388200609619387
97R,0.04775579154311893
239Y,0.07001845274255221
