feature,mean_importance
76R,-0.003017599537340243
81V,-0.002686771155750134
117R,-0.002184751587190492
233N,-0.0017283083848565139
418I,-0.0011244986565356995
250A,-0.0010371046903800973
99V,-0.0008035525410289735
419K,-0.0007886873849902942
226L,-0.0004241190760968294
395D,-0.00031479729047738657
301M,-0.00018623192536539878
234A,-0.00011450447680716458
229H,0.0
299W,0.0
231G,0.0
296I,0.0
281W,0.0
278F,0.0
252F,0.0
240P,0.0
251A,0.0
237I,0.0
249I,0.0
327A,0.0
248N,0.0
244E,0.0
241V,0.0
238H,0.0
328V,0.0
22I,0.0
330H,0.0
426W,0.0
425I,0.0
424K,0.0
421R,0.0
417E,0.0
416E,0.0
402W,0.0
401E,0.0
396L,0.0
394C,0.0
391R,0.0
390S,0.0
389S,0.0
386F,0.0
385W,0.0
337I,0.0
336C,0.0
335A,0.0
334G,0.0
228M,0.0
332G,0.0
329P,0.0
333A,0.0
235H,0.0
108R,0.0
112L,0.0
110Y,0.0
225T,0.0
100D,0.0
121A,0.0
95Y,0.0
124R,0.0
127F,0.0
82P,0.0
59N,0.0
202K,0.0
58A,0.0
56F,0.0
205F,0.0
206R,0.0
53G,0.0
52A,0.0
207G,0.0
208L,0.0
211M,0.0
51G,0.0
223A,0.0
50I,0.0
204A,0.0
118G,0.0
122C,1.4687055744366795e-05
292M,5.537295063220427e-05
227N,0.00013109376227644632
297D,0.0003472689494311565
415F,0.0003958310797272491
55A,0.0008369190663279236
109L,0.000844865341682044
414C,0.0009542079642415269
79G,0.0010178913530635603
423H,0.0014018438419843627
246M,0.0015398195484675804
54M,0.001634176921503383
98W,0.0017541265025376117
96L,0.0017826279019376168
427H,0.0021123532407794077
224R,0.002230642538472871
230V,0.0024652206776551557
111Q,0.0025521858763623228
203F,0.0029703238440386137
115G,0.0033078931900392128
422S,0.004128363649977995
397Y,0.0044455023235585815
62R,0.004600674071046274
57T,0.004668208222881165
61V,0.004863157222069914
428F,0.0049994353474264175
331H,0.0050193019099085134
107K,0.005162629563675613
120E,0.005626711312187749
247V,0.0058390308036862185
236L,0.006551877119724314
123R,0.0077679853190679715
119F,0.008174960333180747
254S,0.009951150529535435
78S,0.010294001601097858
94D,0.01085191479693337
393V,0.011563583061727467
75L,0.013195858038513064
253V,0.014352816280471336
392R,0.014474207317703502
420D,0.01520194324653552
97R,0.028964231277715035
80A,0.037823358799768524
239Y,0.07911903474659447
