feature,mean_importance
420D,-0.00432781761579486
393V,-0.00137952729521027
236L,-0.0013107592890779785
79G,-0.0008842827370727057
428F,-0.0005898155586188114
111Q,-0.0004276136632066274
122C,-0.0003807110420192661
96L,-0.0003712433513747948
226L,-0.00033281792000119383
234A,-0.00021027324788540634
331H,-8.606615375326144e-05
57T,-7.864462593234478e-05
301M,-5.21925648292898e-05
203F,-2.6753293462533635e-05
297D,0.0
296I,0.0
292M,0.0
424K,0.0
281W,0.0
278F,0.0
252F,0.0
251A,0.0
401E,0.0
249I,0.0
248N,0.0
244E,0.0
241V,0.0
240P,0.0
238H,0.0
237I,0.0
425I,0.0
426W,0.0
299W,0.0
250A,0.0
327A,0.0
328V,0.0
396L,0.0
395D,0.0
394C,0.0
414C,0.0
391R,0.0
390S,0.0
389S,0.0
386F,0.0
385W,0.0
416E,0.0
336C,0.0
335A,0.0
334G,0.0
333A,0.0
332G,0.0
417E,0.0
330H,0.0
329P,0.0
421R,0.0
402W,0.0
231G,0.0
22I,0.0
235H,0.0
124R,0.0
121A,0.0
118G,0.0
56F,0.0
112L,0.0
110Y,0.0
53G,0.0
108R,0.0
100D,0.0
99V,0.0
58A,0.0
59N,0.0
95Y,0.0
82P,0.0
229H,0.0
127F,0.0
54M,0.0
204A,0.0
205F,0.0
206R,0.0
50I,0.0
228M,0.0
225T,0.0
51G,0.0
223A,0.0
207G,0.0
52A,0.0
208L,0.0
211M,0.0
202K,0.0
422S,3.247970199007355e-05
415F,6.748983210109749e-05
419K,0.00012630232306849455
337I,0.0001264285296201706
233N,0.00024224853659247093
62R,0.000320386267211048
418I,0.0010229433561304902
76R,0.0012717719133718663
246M,0.0013056669249591924
109L,0.0013857064028102162
81V,0.0014250390366258082
423H,0.0018401573759963652
227N,0.0020026034933615655
392R,0.002149169344499868
230V,0.0021937049476496995
247V,0.0022672326764069384
55A,0.0023996258491133958
119F,0.002539736077368948
427H,0.0027139424424932777
397Y,0.0027285277439528244
224R,0.0027916043368448663
94D,0.002955339382211841
75L,0.003222891405583872
98W,0.0032355660415557485
107K,0.0034572814602449762
253V,0.004035223778112806
115G,0.0040818662124584735
78S,0.004104310058685679
61V,0.004819340528134819
120E,0.005458284770867916
117R,0.00923925833888799
123R,0.009670419847390721
80A,0.026681286783282986
254S,0.02964627317725175
97R,0.05070765504546195
239Y,0.12462856860225457
