feature,shap_importance
239Y,0.7726844
80A,0.3492335
97R,0.34860224
254S,0.3253361
120E,0.30796644
123R,0.29470754
78S,0.2413384
227N,0.24075149
420D,0.21886417
393V,0.21799041
117R,0.18857
119F,0.18718044
61V,0.1774072
75L,0.16945297
428F,0.16692454
94D,0.16428258
331H,0.16095413
253V,0.14082883
111Q,0.14005482
427H,0.13480288
76R,0.13318095
247V,0.13248289
230V,0.12531269
224R,0.1175112
98W,0.10900146
236L,0.1064704
115G,0.091943584
233N,0.08459805
203F,0.082528755
81V,0.08209846
246M,0.081168234
79G,0.08082657
422S,0.08062694
57T,0.07733663
392R,0.07675017
55A,0.069101095
424K,0.06825898
419K,0.06379594
337I,0.06130343
54M,0.060861886
234A,0.06055007
250A,0.054200254
107K,0.047634438
414C,0.044320036
415F,0.036600143
301M,0.036449835
96L,0.030130409
122C,0.026337203
99V,0.02028767
402W,0.020199155
229H,0.01959754
418I,0.018518642
226L,0.018171815
328V,0.014712715
299W,0.0
334G,0.0
332G,0.0
333A,0.0
426W,0.0
329P,0.0
330H,0.0
327A,0.0
391R,0.0
335A,0.0
336C,0.0
421R,0.0
423H,0.0
417E,0.0
416E,0.0
401E,0.0
296I,0.0
397Y,0.0
396L,0.0
395D,0.0
394C,0.0
390S,0.0
389S,0.0
386F,0.0
385W,0.0
425I,0.0
297D,0.0
22I,0.0
292M,0.0
100D,0.0
127F,0.0
124R,0.0
121A,0.0
118G,0.0
112L,0.0
110Y,0.0
109L,0.0
108R,0.0
95Y,0.0
204A,0.0
82P,0.0
62R,0.0
59N,0.0
58A,0.0
56F,0.0
53G,0.0
52A,0.0
51G,0.0
202K,0.0
205F,0.0
281W,0.0
238H,0.0
278F,0.0
252F,0.0
251A,0.0
249I,0.0
248N,0.0
244E,0.0
241V,0.0
240P,0.0
237I,0.0
206R,0.0
50I,0.0
231G,0.0
228M,0.0
225T,0.0
223A,0.0
211M,0.0
208L,0.0
207G,0.0
235H,0.0
