feature,mean_importance
427H,-0.0021539945290031336
246M,-0.0018214178103280298
122C,-0.0011385778705757632
203F,-0.00040633634899758244
236L,-0.00034023760761843215
79G,-0.00032643659197424403
424K,-0.0003124944955469777
224R,-0.0002992732383041652
301M,-0.0002234759863959823
61V,-0.00018584978688198638
107K,-0.00017272851553307156
111Q,-0.00012856757784465155
96L,-9.863795824800458e-05
54M,-7.434394883822914e-05
76R,-2.4591058672207567e-05
327A,0.0
328V,0.0
299W,0.0
297D,0.0
296I,0.0
252F,0.0
281W,0.0
278F,0.0
329P,0.0
251A,0.0
250A,0.0
249I,0.0
248N,0.0
247V,0.0
244E,0.0
241V,0.0
240P,0.0
237I,0.0
292M,0.0
330H,0.0
22I,0.0
333A,0.0
426W,0.0
425I,0.0
421R,0.0
418I,0.0
417E,0.0
416E,0.0
415F,0.0
414C,0.0
402W,0.0
401E,0.0
397Y,0.0
396L,0.0
395D,0.0
394C,0.0
392R,0.0
391R,0.0
390S,0.0
389S,0.0
386F,0.0
385W,0.0
337I,0.0
336C,0.0
334G,0.0
332G,0.0
335A,0.0
235H,0.0
233N,0.0
118G,0.0
234A,0.0
110Y,0.0
109L,0.0
108R,0.0
100D,0.0
99V,0.0
95Y,0.0
82P,0.0
59N,0.0
58A,0.0
57T,0.0
56F,0.0
53G,0.0
52A,0.0
51G,0.0
50I,0.0
121A,0.0
124R,0.0
112L,0.0
202K,0.0
231G,0.0
229H,0.0
228M,0.0
226L,0.0
127F,0.0
223A,0.0
211M,0.0
208L,0.0
207G,0.0
225T,0.0
206R,0.0
205F,0.0
204A,0.0
423H,2.9111846563290023e-05
238H,0.00014928417751587376
55A,0.0002548554306288642
422S,0.0003340541643191752
62R,0.0003510202898318271
419K,0.0003527955387730319
393V,0.0005383994071239239
115G,0.0006287225443555533
227N,0.0006354348711579804
94D,0.0007223848118839582
81V,0.0009108676115072934
428F,0.0011118973100400665
230V,0.0012315747698387503
119F,0.0015496536012155281
98W,0.0015855933528348797
253V,0.0019160095826689094
75L,0.003295677680387565
331H,0.0034840096237070293
420D,0.0035940550447228327
120E,0.0039225027862801465
117R,0.004603989889104687
78S,0.00720508680735008
254S,0.012171971883220856
123R,0.012948943925909239
80A,0.018098028861435033
97R,0.044320877690810744
239Y,0.10188993330012601
