feature,mean_importance
76R,-0.0029486050806850185
81V,-0.0025905226862215523
117R,-0.001974066048411749
233N,-0.001797187516847365
418I,-0.0013113324676292891
250A,-0.0010582575170570818
419K,-0.0007968700075724255
99V,-0.0007257631160768385
301M,-0.0007105979081019287
395D,-0.0003140070352209978
226L,-0.00017919825861256733
234A,-0.00015609366707058925
244E,0.0
229H,0.0
231G,0.0
299W,0.0
296I,0.0
281W,0.0
278F,0.0
252F,0.0
237I,0.0
251A,0.0
238H,0.0
249I,0.0
327A,0.0
248N,0.0
240P,0.0
241V,0.0
328V,0.0
22I,0.0
330H,0.0
426W,0.0
425I,0.0
424K,0.0
421R,0.0
417E,0.0
416E,0.0
402W,0.0
401E,0.0
396L,0.0
394C,0.0
391R,0.0
390S,0.0
389S,0.0
386F,0.0
385W,0.0
337I,0.0
336C,0.0
335A,0.0
334G,0.0
228M,0.0
332G,0.0
329P,0.0
333A,0.0
235H,0.0
108R,0.0
112L,0.0
110Y,0.0
225T,0.0
100D,0.0
121A,0.0
95Y,0.0
124R,0.0
127F,0.0
82P,0.0
59N,0.0
202K,0.0
58A,0.0
56F,0.0
205F,0.0
206R,0.0
53G,0.0
52A,0.0
207G,0.0
208L,0.0
211M,0.0
51G,0.0
223A,0.0
50I,0.0
204A,0.0
118G,0.0
292M,6.427132042052808e-05
122C,0.00010326481368163609
227N,0.00015357862035907387
415F,0.00029542415167187474
297D,0.0003449981022311421
55A,0.0007678077387881066
109L,0.0008033993620290225
414C,0.0008681985560848648
423H,0.0010466247864336475
79G,0.001204090913286371
54M,0.0018110434311520152
98W,0.0018119905076651398
427H,0.0018505508932901594
96L,0.0022777357598743773
246M,0.0023032956588339816
230V,0.0024772344336631445
111Q,0.0026156625138168852
224R,0.0028821536732545503
422S,0.0034770759450922116
203F,0.003494769438023959
115G,0.0036514828048915373
61V,0.00406354351126279
397Y,0.00448271176407491
428F,0.004586635844176024
62R,0.004654531019279706
57T,0.00467342244663147
331H,0.005219223024884578
107K,0.005840813709669756
236L,0.006322111640439654
247V,0.006374288538852357
120E,0.006699654661926813
123R,0.007555610210780617
119F,0.00760490908455771
254S,0.009814711328012326
94D,0.010220639858709002
78S,0.01059467419981952
393V,0.01146141296050629
75L,0.011885683229529676
392R,0.013494712593460268
253V,0.014206719937094681
420D,0.014765200364481946
97R,0.029538591814238548
80A,0.03743600320654457
239Y,0.07966351779738819
