feature,shap_importance
239Y,0.2625948582652501
397Y,0.12834319008673495
97R,0.11419227132409103
80A,0.07733288436007701
425I,0.03348063513506327
123R,0.02872518131251666
78S,0.028464159423193476
117R,0.025838566652754576
81V,0.02249930105728388
419K,0.019182867875745913
119F,0.018786655116914776
337I,0.018538579778037214
98W,0.017870421796333184
118G,0.012759659294760566
401E,0.01092128767811185
94D,0.010112425349998191
396L,0.010076285140196331
224R,0.009894196539270554
418I,0.009254363513945334
228M,0.009222201429228949
328V,0.00892170066308508
416E,0.00887979302441429
115G,0.008733071775498938
107K,0.007938019254124785
95Y,0.007893219735487206
82P,0.007755931744338308
252F,0.007536937844208998
108R,0.007465385069953064
229H,0.007104208198932502
120E,0.006845184154654906
392R,0.006823529631283149
296I,0.006644162624859998
427H,0.006539128721308804
415F,0.006424698248622631
61V,0.005945496028162453
423H,0.005920635769502744
226L,0.005662837502794208
236L,0.0054584767230583635
111Q,0.005364718400153281
227N,0.004789867951152087
79G,0.004746847342219477
75L,0.004631303033995996
55A,0.003803040118571227
394C,0.0037307108304449692
420D,0.0036906910283517522
254S,0.003666002223192237
422S,0.0036353687163427966
109L,0.00355408334400375
421R,0.003493049548343026
96L,0.0034083295447243844
121A,0.00317783295215778
246M,0.002814814158344086
417E,0.0027508174984928494
385W,0.002732045491392864
208L,0.0027088784263270002
112L,0.0025360859298174344
58A,0.0024984053809745214
402W,0.0024258714759433156
204A,0.0022584218834751923
203F,0.0021505476524077438
223A,0.0021231017510949047
297D,0.0019811407624392013
234A,0.0019761341440939105
301M,0.001790759605251015
225T,0.001750773879161806
62R,0.0016338993463131091
278F,0.0016092922826841547
233N,0.0015730316019509276
237I,0.0014313358246031437
51G,0.0012031260135132553
240P,0.001154909985937477
428F,0.001086071739874348
390S,0.0008145506743132268
54M,0.000468269042887163
389S,0.0
334G,0.0
426W,0.0
332G,0.0
333A,0.0
424K,0.0
330H,0.0
335A,0.0
386F,0.0
414C,0.0
395D,0.0
336C,0.0
393V,0.0
391R,0.0
331H,0.0
22I,0.0
329P,0.0
100D,0.0
205F,0.0
202K,0.0
127F,0.0
124R,0.0
122C,0.0
110Y,0.0
99V,0.0
207G,0.0
76R,0.0
59N,0.0
57T,0.0
56F,0.0
53G,0.0
52A,0.0
206R,0.0
211M,0.0
327A,0.0
249I,0.0
299W,0.0
292M,0.0
281W,0.0
253V,0.0
251A,0.0
250A,0.0
248N,0.0
230V,0.0
247V,0.0
244E,0.0
241V,0.0
238H,0.0
50I,0.0
231G,0.0
235H,0.0
