feature,shap_importance
239Y,0.35682342134590883
80A,0.12318257679745054
397Y,0.11743718904844222
94D,0.06586592795816634
97R,0.055401004993054184
254S,0.052401240314055644
81V,0.04077569832797169
328V,0.03421442885159429
98W,0.027152487662131648
425I,0.021173058755739195
394C,0.01924985076683996
331H,0.018433690447353948
296I,0.0176296869352323
423H,0.01739584840750704
233N,0.017313224925195214
119F,0.01327775949740703
227N,0.012988959211266714
58A,0.012986865101378538
109L,0.011805852488872878
208L,0.011162647428688093
419K,0.010884520624327121
234A,0.010647523394396646
237I,0.010547509131921658
415F,0.009938821679452564
402W,0.009629193453310033
301M,0.009370185666089726
337I,0.007471375101130431
78S,0.006973184578344194
225T,0.006944806125880486
115G,0.0068323286354328595
253V,0.0063837773795536335
401E,0.0063016438031140015
424K,0.006063256442830045
224R,0.00579101496936887
82P,0.005749194773174489
55A,0.005446192989589872
421R,0.005306585213827935
203F,0.004486051366685562
111Q,0.004128628035451339
62R,0.003923948540457149
391R,0.003765467371939808
416E,0.0037614547541134514
56F,0.0037203898608063482
327A,0.0032648046497261627
395D,0.003207577141368207
396L,0.0031877881339822545
240P,0.002989759669056371
235H,0.0027337642865181387
95Y,0.002700276836854864
76R,0.002609007011819936
205F,0.0024440406965473465
385W,0.0
278F,0.0
281W,0.0
292M,0.0
420D,0.0
297D,0.0
299W,0.0
422S,0.0
427H,0.0
418I,0.0
426W,0.0
329P,0.0
417E,0.0
414C,0.0
330H,0.0
393V,0.0
332G,0.0
333A,0.0
392R,0.0
334G,0.0
390S,0.0
386F,0.0
335A,0.0
336C,0.0
389S,0.0
22I,0.0
252F,0.0
251A,0.0
122C,0.0
121A,0.0
120E,0.0
118G,0.0
117R,0.0
112L,0.0
110Y,0.0
108R,0.0
107K,0.0
100D,0.0
99V,0.0
96L,0.0
79G,0.0
75L,0.0
61V,0.0
59N,0.0
57T,0.0
54M,0.0
53G,0.0
52A,0.0
51G,0.0
123R,0.0
124R,0.0
127F,0.0
50I,0.0
250A,0.0
249I,0.0
248N,0.0
247V,0.0
246M,0.0
244E,0.0
241V,0.0
238H,0.0
236L,0.0
231G,0.0
202K,0.0
230V,0.0
229H,0.0
228M,0.0
226L,0.0
223A,0.0
211M,0.0
207G,0.0
206R,0.0
204A,0.0
428F,0.0
