feature,mean_importance
95Y,-0.0054544004216979134
119F,-0.0019206920523204163
236L,-0.0013111649985987571
421R,-0.0009447808115565337
296I,-0.00020993928058155031
22I,0.0
299W,0.0
297D,0.0
292M,0.0
278F,0.0
253V,0.0
252F,0.0
251A,0.0
250A,0.0
249I,0.0
248N,0.0
247V,0.0
246M,0.0
244E,0.0
241V,0.0
240P,0.0
237I,0.0
233N,0.0
231G,0.0
229H,0.0
301M,0.0
327A,0.0
329P,0.0
330H,0.0
426W,0.0
424K,0.0
423H,0.0
419K,0.0
418I,0.0
417E,0.0
416E,0.0
414C,0.0
396L,0.0
395D,0.0
228M,0.0
394C,0.0
391R,0.0
390S,0.0
386F,0.0
385W,0.0
336C,0.0
335A,0.0
334G,0.0
333A,0.0
332G,0.0
331H,0.0
392R,0.0
226L,0.0
235H,0.0
120E,0.0
108R,0.0
109L,0.0
100D,0.0
111Q,0.0
225T,0.0
62R,0.0
115G,0.0
57T,0.0
56F,0.0
55A,0.0
76R,0.0
121A,0.0
122C,0.0
54M,0.0
124R,0.0
127F,0.0
202K,0.0
50I,0.0
223A,0.0
211M,0.0
94D,0.0
51G,0.0
207G,0.0
59N,0.0
52A,0.0
206R,0.0
205F,0.0
75L,0.0
53G,0.0
204A,0.0
203F,0.0
96L,0.0
61V,0.0
224R,0.0006158313431254391
82P,0.0008497425667324254
422S,0.0011848317448820201
402W,0.0013025694319269254
230V,0.001402033646565748
58A,0.0016151660507082387
110Y,0.0017541071603835335
427H,0.002090110719302407
337I,0.0021095226031363047
99V,0.0030083939385433965
328V,0.0031180582711058946
98W,0.003239375245497933
208L,0.0032986935929818053
428F,0.003303552263207399
112L,0.0035750960039880432
234A,0.00382655475584881
281W,0.004526693375067415
227N,0.004580999923229223
401E,0.004921240296870933
78S,0.006056707483516078
107K,0.007502933056968653
420D,0.008199896428815823
415F,0.00858758528070842
79G,0.009708786148190063
117R,0.010120716364463923
389S,0.010135857147232063
238H,0.010515690562674495
97R,0.010633985704929527
81V,0.011310472431436413
393V,0.013717614943262313
80A,0.01428281677946519
425I,0.014534418386261594
118G,0.01699137480383246
254S,0.022133101783582076
397Y,0.03284622725745308
123R,0.05767143769906309
239Y,0.15775758324703118
