feature,shap_importance
397Y,0.2333039141812575
97R,0.15946843060560173
239Y,0.14359155993237074
80A,0.07481910380462756
123R,0.06757033236422169
389S,0.04761454503914948
117R,0.031069029098530918
94D,0.030493913423862904
78S,0.030129748207173252
61V,0.022065036069820257
246M,0.021815051495552122
207G,0.021455406926836007
427H,0.019939379740356606
230V,0.019857112700009887
419K,0.018985728274279953
394C,0.0175947296654245
100D,0.016419044848762318
121A,0.015878603698738718
98W,0.015299278749189299
296I,0.015165181584593304
224R,0.015129559810109664
416E,0.011434247190831387
55A,0.011313112958352614
428F,0.011089235629296817
223A,0.010841596043002187
95Y,0.010739564626396561
420D,0.009360273126933202
425I,0.009210414174266832
327A,0.008681297758891177
115G,0.008238475474182688
76R,0.008156374787947836
336C,0.007996900909953645
415F,0.007467470905099722
395D,0.005232933525778476
396L,0.005213888329018191
235H,0.004786090020435608
301M,0.0044595135211654814
119F,0.004147643359100178
127F,0.004028042021157253
424K,0.003566451841823492
112L,0.0035451845184002917
109L,0.002338075031358202
50I,0.0009775133383982467
328V,0.0
329P,0.0
392R,0.0
391R,0.0
390S,0.0
79G,0.0
386F,0.0
385W,0.0
337I,0.0
82P,0.0
81V,0.0
335A,0.0
334G,0.0
393V,0.0
332G,0.0
331H,0.0
330H,0.0
333A,0.0
62R,0.0
75L,0.0
297D,0.0
51G,0.0
426W,0.0
52A,0.0
423H,0.0
422S,0.0
421R,0.0
53G,0.0
54M,0.0
418I,0.0
417E,0.0
56F,0.0
57T,0.0
414C,0.0
402W,0.0
401E,0.0
58A,0.0
59N,0.0
299W,0.0
281W,0.0
96L,0.0
208L,0.0
108R,0.0
229H,0.0
228M,0.0
227N,0.0
226L,0.0
225T,0.0
110Y,0.0
211M,0.0
111Q,0.0
292M,0.0
206R,0.0
205F,0.0
204A,0.0
203F,0.0
202K,0.0
124R,0.0
122C,0.0
118G,0.0
231G,0.0
233N,0.0
234A,0.0
236L,0.0
120E,0.0
278F,0.0
254S,0.0
253V,0.0
252F,0.0
251A,0.0
250A,0.0
249I,0.0
248N,0.0
247V,0.0
99V,0.0
244E,0.0
241V,0.0
240P,0.0
107K,0.0
238H,0.0
237I,0.0
22I,0.0
