feature,mean_importance
301M,-0.0025415655664614346
336C,-0.0024959514123733097
95Y,-0.0013449410290059971
420D,-0.0013253681637473314
235H,-0.0010758314492540278
297D,-2.2204460492503132e-17
281W,-2.2204460492503132e-17
96L,-2.2204460492503132e-17
111Q,-2.2204460492503132e-17
51G,-2.2204460492503132e-17
225T,-2.2204460492503132e-17
54M,-2.2204460492503132e-17
238H,0.0
299W,0.0
233N,0.0
292M,0.0
278F,0.0
254S,0.0
234A,0.0
253V,0.0
252F,0.0
251A,0.0
250A,0.0
236L,0.0
248N,0.0
247V,0.0
244E,0.0
241V,0.0
240P,0.0
237I,0.0
249I,0.0
330H,0.0
329P,0.0
426W,0.0
423H,0.0
422S,0.0
421R,0.0
418I,0.0
417E,0.0
414C,0.0
402W,0.0
401E,0.0
393V,0.0
328V,0.0
392R,0.0
390S,0.0
386F,0.0
385W,0.0
337I,0.0
335A,0.0
334G,0.0
333A,0.0
332G,0.0
331H,0.0
231G,0.0
391R,0.0
229H,0.0
22I,0.0
75L,0.0
122C,0.0
81V,0.0
120E,0.0
118G,0.0
57T,0.0
58A,0.0
53G,0.0
110Y,0.0
107K,0.0
228M,0.0
99V,0.0
79G,0.0
59N,0.0
82P,0.0
108R,0.0
124R,0.0
56F,0.0
202K,0.0
227N,0.0
226L,0.0
211M,0.0
208L,0.0
206R,0.0
62R,0.0
205F,0.0
52A,0.0
204A,0.0
203F,0.0
109L,3.058215743529935e-05
224R,0.0003045897839969003
327A,0.0006504289240738537
424K,0.0006673349061617096
427H,0.0011178551694413842
127F,0.00115037729089964
112L,0.0012230196520986337
223A,0.0015983174477411267
415F,0.0019073236481295997
296I,0.0021409789311247042
395D,0.002147528983483893
50I,0.0022533838579619657
428F,0.0026916072758961683
396L,0.0027503890412455155
416E,0.0028172540037950887
119F,0.0031701139517774867
100D,0.00391740252140933
207G,0.004345023841658202
55A,0.00437737470341264
419K,0.004988387897971069
425I,0.005141918434677195
246M,0.005569810262730068
117R,0.006638152758458316
61V,0.006644401031255409
115G,0.00670629460624792
76R,0.0077205785432274965
121A,0.0092438982857302
230V,0.009288590303067279
98W,0.01029446663967748
394C,0.011643292584520615
389S,0.012066260027225417
94D,0.014245358656564644
78S,0.021615442095660332
123R,0.0325834769333875
80A,0.0395908055573281
97R,0.0732440366136449
239Y,0.0789223827283412
397Y,0.1290875541809328
