feature,shap_importance
239Y,1.5090196
55A,0.4964326
253V,0.25245097
81V,0.24721768
97R,0.24427742
94D,0.24182147
80A,0.23778367
416E,0.21230274
117R,0.18985145
425I,0.16352281
233N,0.1533406
401E,0.14478263
111Q,0.13816938
115G,0.13716733
228M,0.13297178
119F,0.13202807
393V,0.13067079
61V,0.12054619
419K,0.11610135
108R,0.11480886
427H,0.11103201
402W,0.10804511
389S,0.10623105
62R,0.09949212
337I,0.098130405
397Y,0.09496953
414C,0.09353165
203F,0.09340876
420D,0.090430275
58A,0.08600016
428F,0.08429605
417E,0.08390635
395D,0.083055526
237I,0.0820235
107K,0.0791444
423H,0.07859742
224R,0.07608221
109L,0.07346371
95Y,0.072704
296I,0.07254022
54M,0.06996163
227N,0.06903753
118G,0.06899643
79G,0.0681227
121A,0.065147564
223A,0.063684285
208L,0.059822284
297D,0.058143068
415F,0.053264536
226L,0.05227522
112L,0.052235004
386F,0.051691435
424K,0.050833575
50I,0.050233237
225T,0.049801365
98W,0.048812263
202K,0.048661657
99V,0.04844087
110Y,0.047834065
236L,0.047179863
246M,0.046861917
122C,0.045817398
418I,0.044914685
82P,0.044487976
392R,0.044018656
96L,0.043060385
396L,0.043060184
301M,0.041290365
238H,0.0409133
76R,0.040796243
249I,0.04038485
230V,0.03947126
328V,0.038342535
100D,0.03504772
292M,0.03463623
254S,0.03378953
229H,0.028986625
421R,0.02889429
127F,0.027670454
422S,0.027564408
120E,0.027352532
59N,0.025833325
244E,0.025831938
331H,0.025354013
78S,0.025176996
385W,0.024311246
123R,0.023813391
234A,0.022971889
251A,0.019781798
391R,0.017330583
252F,0.016606817
241V,0.015509904
205F,0.015047956
394C,0.0149693815
281W,0.014767941
247V,0.014646131
250A,0.014591688
426W,0.013419329
75L,0.012962057
52A,0.011584993
57T,0.011043204
207G,0.01072369
211M,0.010146198
235H,0.009467159
204A,0.008992034
278F,0.008433556
336C,0.0051037897
330H,0.0049610515
56F,0.004158991
327A,0.0031726947
333A,0.0011198443
231G,0.0
51G,0.0
53G,0.0
124R,0.0
206R,0.0
390S,0.0
240P,0.0
248N,0.0
299W,0.0
329P,0.0
332G,0.0
334G,0.0
335A,0.0
22I,0.0
