feature,shap_importance
239Y,1.2707269
55A,0.4836204
97R,0.35281625
81V,0.3130259
117R,0.25260273
425I,0.22822893
427H,0.21436417
115G,0.20600648
94D,0.2026085
420D,0.18657355
107K,0.17676379
416E,0.1679839
428F,0.15787719
253V,0.15629342
417E,0.15614328
111Q,0.15146968
401E,0.14996962
224R,0.14666563
297D,0.1461275
80A,0.14435408
236L,0.13918449
397Y,0.13472612
78S,0.13252343
402W,0.13104896
415F,0.1310124
108R,0.124977835
423H,0.12461552
414C,0.12452954
226L,0.10919857
393V,0.10888252
233N,0.103514045
110Y,0.1017587
112L,0.09546278
254S,0.09382023
251A,0.091441736
392R,0.09062597
424K,0.087082535
98W,0.085205585
76R,0.08047977
419K,0.07821378
229H,0.0775379
246M,0.076706365
109L,0.07652546
203F,0.07606357
50I,0.07198158
228M,0.06993509
96L,0.067256324
82P,0.06660329
225T,0.064114556
386F,0.063367195
118G,0.06301419
396L,0.06083629
247V,0.056091186
100D,0.053255256
337I,0.052772216
119F,0.051527567
54M,0.051487654
418I,0.05028946
296I,0.049802873
249I,0.048652057
395D,0.048074342
123R,0.047171507
328V,0.0428698
207G,0.042678628
62R,0.042665217
61V,0.04110419
120E,0.039915472
230V,0.03853555
99V,0.03850895
301M,0.03709698
95Y,0.034979507
252F,0.034890622
122C,0.033514716
244E,0.032648362
234A,0.031635784
79G,0.030386472
391R,0.027519139
56F,0.026845502
59N,0.024727449
422S,0.024408193
394C,0.024254505
235H,0.023627548
389S,0.02347311
385W,0.022582088
121A,0.022566475
58A,0.022479378
281W,0.022080801
227N,0.021983024
208L,0.021664467
278F,0.021235999
327A,0.020873018
223A,0.020783408
127F,0.020009866
57T,0.019187015
238H,0.017292425
237I,0.015950594
421R,0.015616011
204A,0.013717154
75L,0.013645677
211M,0.013184192
292M,0.009895839
333A,0.009337991
331H,0.00817749
52A,0.007593757
336C,0.0059137587
426W,0.0056955894
205F,0.004633727
250A,0.0033069686
241V,0.002002121
330H,0.0017187804
202K,0.0013317327
240P,0.0
51G,0.0
53G,0.0
299W,0.0
329P,0.0
332G,0.0
124R,0.0
390S,0.0
206R,0.0
334G,0.0
335A,0.0
248N,0.0
231G,0.0
22I,0.0
