feature,shap_importance
239Y,1.1947465
80A,0.4243492
55A,0.33582312
425I,0.26264083
97R,0.24490993
94D,0.2248098
117R,0.21554986
416E,0.19179806
81V,0.189053
397Y,0.18367654
253V,0.1687803
226L,0.15929192
107K,0.15403773
100D,0.14883642
297D,0.14473541
427H,0.14133674
402W,0.13525805
249I,0.12262777
115G,0.12182246
224R,0.116332665
423H,0.113670036
119F,0.11214431
254S,0.1106693
395D,0.10601649
401E,0.1047867
228M,0.10436338
108R,0.10270635
76R,0.10165553
415F,0.100110345
208L,0.09846922
233N,0.08955921
396L,0.08071736
424K,0.07964999
110Y,0.07947705
419K,0.07412419
99V,0.0725123
420D,0.07187021
428F,0.0695772
79G,0.06935291
392R,0.06825083
422S,0.06716849
223A,0.06697851
393V,0.06686384
246M,0.0664903
202K,0.06509866
120E,0.06345473
61V,0.06295725
122C,0.06198669
337I,0.05890672
50I,0.05765353
203F,0.056982614
229H,0.055277377
417E,0.053949207
82P,0.05365438
235H,0.053618576
109L,0.052355915
111Q,0.051901635
418I,0.05157096
96L,0.047491506
296I,0.043626
414C,0.042550795
62R,0.04154907
78S,0.04026245
98W,0.03998862
112L,0.038960658
236L,0.035963282
95Y,0.03466559
230V,0.032678343
251A,0.032187663
292M,0.029868007
301M,0.029149415
234A,0.028969515
58A,0.028302308
123R,0.026472365
328V,0.02573942
281W,0.024758808
57T,0.023620062
244E,0.021979308
207G,0.019667568
333A,0.019183628
227N,0.018527638
391R,0.018384501
121A,0.018213905
54M,0.01763529
389S,0.017209472
237I,0.016574124
386F,0.01576277
327A,0.015296176
426W,0.015114407
241V,0.014920438
421R,0.014686096
250A,0.013971571
252F,0.0137095405
75L,0.012852698
225T,0.011736022
127F,0.010829958
247V,0.009996191
385W,0.00957399
51G,0.008616592
336C,0.0081277825
59N,0.0071735117
330H,0.0059957085
56F,0.005700172
331H,0.0056916485
278F,0.004818154
240P,0.0041038226
52A,0.004087223
205F,0.003960122
394C,0.0036989292
238H,0.0034518884
118G,0.0026544463
390S,0.00080883986
211M,0.0
231G,0.0
53G,0.0
206R,0.0
248N,0.0
204A,0.0
124R,0.0
299W,0.0
329P,0.0
332G,0.0
334G,0.0
335A,0.0
22I,0.0
