feature,shap_importance
239Y,1.414772
55A,0.3466678
94D,0.29092464
97R,0.27630138
428F,0.27554595
78S,0.2545004
117R,0.24963537
402W,0.236488
254S,0.21181218
81V,0.19962701
424K,0.18024068
80A,0.1790381
297D,0.17428578
107K,0.16424674
419K,0.1615956
397Y,0.15140389
417E,0.14684474
246M,0.1431638
115G,0.13919164
108R,0.13540666
425I,0.12997302
427H,0.11696519
233N,0.11547623
296I,0.1143445
392R,0.10677549
395D,0.098596185
253V,0.09779814
224R,0.09353024
111Q,0.0905921
236L,0.089387074
393V,0.082931295
244E,0.07977256
226L,0.07892479
98W,0.07866305
76R,0.07847205
416E,0.07572353
208L,0.07401059
292M,0.07173447
415F,0.06679602
112L,0.0627722
423H,0.061321758
249I,0.06044877
99V,0.06026484
229H,0.05928993
225T,0.057553485
420D,0.05744902
79G,0.05724861
119F,0.05723604
95Y,0.056850567
247V,0.056209195
230V,0.055755377
251A,0.055575896
54M,0.055506524
418I,0.054362446
50I,0.05433615
386F,0.05328585
109L,0.0512567
396L,0.050613172
110Y,0.05025608
337I,0.049900785
62R,0.04950783
58A,0.047936954
223A,0.04725572
203F,0.045189947
120E,0.045151427
401E,0.044542585
414C,0.044050552
207G,0.043408792
75L,0.043147303
422S,0.041709196
227N,0.040398017
205F,0.03970467
228M,0.03287664
301M,0.032386795
250A,0.030938799
96L,0.029200787
327A,0.027908947
61V,0.025564454
118G,0.025354996
336C,0.022413865
389S,0.02169573
59N,0.020482026
82P,0.020079806
241V,0.019508451
237I,0.017864026
122C,0.017518852
57T,0.017007697
202K,0.01588063
328V,0.015477056
127F,0.0150973275
121A,0.01417343
278F,0.013805245
281W,0.012699183
100D,0.011733108
123R,0.011324027
333A,0.010308804
394C,0.008926541
238H,0.008448442
421R,0.0072679333
391R,0.006258339
234A,0.005596123
385W,0.003623225
211M,0.0035283545
390S,0.003078788
204A,0.002773238
22I,0.0027653158
235H,0.0026686618
426W,0.0025308167
56F,0.0010004011
240P,0.0009376986
330H,0.00050319004
329P,0.0
299W,0.0
252F,0.0
248N,0.0
334G,0.0
231G,0.0
206R,0.0
124R,0.0
331H,0.0
53G,0.0
52A,0.0
332G,0.0
51G,0.0
335A,0.0
