feature,shap_importance
239Y,1.1310513
55A,0.997037
397Y,0.37212768
81V,0.36322287
94D,0.26136565
97R,0.24455467
416E,0.23195878
117R,0.2312187
108R,0.19782524
80A,0.17289567
115G,0.16230254
428F,0.15804844
236L,0.15757367
50I,0.15537922
415F,0.15221362
401E,0.14888813
420D,0.14285557
253V,0.12966861
417E,0.12427653
425I,0.12192725
395D,0.11795714
419K,0.11547233
119F,0.10972506
122C,0.10856226
427H,0.099320754
226L,0.096204676
111Q,0.09441385
76R,0.090520784
107K,0.08608535
246M,0.08152543
423H,0.081317216
227N,0.080588415
224R,0.07512502
251A,0.07439624
254S,0.07239842
78S,0.0706842
110Y,0.06930995
393V,0.06758228
98W,0.066733904
414C,0.066547215
79G,0.06533769
230V,0.06322024
418I,0.058977764
297D,0.058798272
62R,0.05807029
424K,0.058012575
208L,0.055817753
247V,0.055334035
422S,0.051952306
120E,0.051039103
228M,0.048568387
396L,0.04520675
249I,0.044973794
54M,0.04497223
61V,0.0445945
112L,0.04361172
203F,0.04340956
233N,0.04294374
327A,0.042764638
252F,0.04269272
402W,0.040487066
207G,0.037229583
337I,0.035752833
392R,0.035617832
58A,0.035365913
225T,0.034402408
205F,0.034008604
109L,0.0331546
223A,0.03249309
250A,0.032045983
296I,0.03160139
278F,0.031460263
237I,0.030802296
57T,0.030733263
386F,0.028145615
281W,0.025332114
244E,0.021661416
99V,0.021486748
95Y,0.02095673
75L,0.020796724
118G,0.02011815
426W,0.019300882
123R,0.018770274
301M,0.018324569
328V,0.017661728
331H,0.017614126
336C,0.017222509
202K,0.015798334
82P,0.015137816
421R,0.014620705
229H,0.0138411615
389S,0.013813133
238H,0.013542477
127F,0.013502762
385W,0.012973977
121A,0.012097877
56F,0.012093522
241V,0.011980809
59N,0.011778976
240P,0.010900564
292M,0.009419541
333A,0.008590819
96L,0.006013923
204A,0.005612551
330H,0.004562324
235H,0.003021716
100D,0.0028804205
234A,0.002099854
394C,0.0012634341
211M,0.0011515007
335A,0.0
334G,0.0
332G,0.0
329P,0.0
299W,0.0
248N,0.0
391R,0.0
231G,0.0
206R,0.0
124R,0.0
390S,0.0
53G,0.0
52A,0.0
51G,0.0
22I,0.0
