feature,mean_importance
59N,-0.003811123974171471
281W,-0.0021266445593195018
53G,-0.0021166416131149558
235H,-0.0019710989458574966
390S,-0.0017511773542570274
78S,-0.0017175374290187228
207G,-0.0006201114300696586
249I,-0.00044022679515700605
251A,-0.0003644052723472457
337I,-0.00023070106955551671
299W,-0.00016284181367460794
119F,-0.00015894749509963723
417E,-0.0001263164389861071
231G,-9.964643693687325e-05
205F,-6.884724438571688e-05
107K,-5.737509807894892e-05
396L,-5.572962260047554e-05
22I,-5.025925656632069e-05
206R,-4.73385665167525e-05
54M,-4.17173540878224e-05
240P,-8.16861636341315e-06
335A,0.0
334G,0.0
331H,0.0
329P,0.0
328V,0.0
327A,0.0
297D,0.0
296I,0.0
81V,0.0
278F,0.0
252F,0.0
250A,0.0
58A,0.0
248N,0.0
80A,0.0
246M,0.0
244E,0.0
336C,0.0
292M,0.0
385W,0.0
386F,0.0
426W,0.0
424K,0.0
423H,0.0
422S,0.0
421R,0.0
420D,0.0
419K,0.0
418I,0.0
50I,0.0
238H,0.0
416E,0.0
414C,0.0
401E,0.0
397Y,0.0
395D,0.0
394C,0.0
393V,0.0
392R,0.0
52A,0.0
389S,0.0
415F,0.0
237I,0.0
247V,0.0
427H,0.0
236L,0.0
127F,0.0
124R,0.0
123R,0.0
121A,0.0
120E,0.0
118G,0.0
117R,0.0
115G,0.0
112L,0.0
111Q,0.0
110Y,0.0
109L,0.0
108R,0.0
79G,0.0
100D,0.0
99V,0.0
96L,0.0
95Y,0.0
94D,0.0
82P,0.0
203F,0.0
204A,0.0
202K,0.0
428F,0.0
234A,0.0
61V,0.0
62R,0.0
230V,0.0
228M,0.0
227N,0.0
211M,0.0
226L,0.0
225T,0.0
224R,0.0
75L,2.924516183777648e-06
233N,0.00012937743867660333
402W,0.00013849508359509155
333A,0.00016337592367323683
332G,0.00023657523840281414
76R,0.0003269870979091927
301M,0.0006956304060901086
229H,0.00093448620772838
391R,0.001001051992073232
56F,0.0011561816321511876
241V,0.0016535943514681018
57T,0.0025546503665808684
122C,0.002960310879322625
223A,0.0031940632386409985
253V,0.0032559868637732194
330H,0.004323358668014232
208L,0.005429093010513264
425I,0.005562934282087562
51G,0.008400391056293931
254S,0.010865221883058274
97R,0.011831082736668153
98W,0.012118547923941935
55A,0.03457214406051419
239Y,0.2667493679575568
