feature,mean_importance
250A,-0.0023296076784886655
118G,-0.0008359163158220718
119F,-0.00048441195463797546
51G,-0.00021663518434744677
390S,-0.00011818880971652402
22I,0.0
281W,0.0
278F,0.0
254S,0.0
253V,0.0
252F,0.0
249I,0.0
248N,0.0
247V,0.0
246M,0.0
244E,0.0
240P,0.0
238H,0.0
237I,0.0
236L,0.0
427H,0.0
234A,0.0
233N,0.0
228M,0.0
227N,0.0
292M,0.0
296I,0.0
297D,0.0
329P,0.0
426W,0.0
424K,0.0
422S,0.0
421R,0.0
420D,0.0
419K,0.0
418I,0.0
417E,0.0
416E,0.0
415F,0.0
226L,0.0
402W,0.0
395D,0.0
394C,0.0
393V,0.0
392R,0.0
391R,0.0
389S,0.0
385W,0.0
336C,0.0
334G,0.0
331H,0.0
401E,0.0
225T,0.0
235H,0.0
428F,0.0
115G,0.0
112L,0.0
110Y,0.0
109L,0.0
108R,0.0
107K,0.0
100D,0.0
76R,0.0
78S,0.0
80A,0.0
81V,0.0
99V,0.0
224R,0.0
98W,0.0
94D,0.0
95Y,0.0
79G,0.0
120E,0.0
117R,0.0
204A,0.0
211M,0.0
208L,0.0
50I,0.0
56F,0.0
57T,0.0
207G,0.0
206R,0.0
58A,0.0
121A,0.0
96L,0.0
202K,0.0
59N,0.0
61V,0.0
75L,0.0
124R,0.0
123R,0.0
122C,0.0
203F,0.0
332G,1.1002555333483599e-07
111Q,1.4084317773166433e-05
335A,1.8025987135583677e-05
223A,0.00011783999601620022
205F,0.00019912012806708735
241V,0.0002483334056591069
127F,0.00026114729898147894
231G,0.00028543859038867583
299W,0.0002860526528586149
396L,0.00029816570600462724
52A,0.0003770436922093445
423H,0.00039873545795054977
327A,0.00046122274136575216
251A,0.0005423858963037098
229H,0.0009079997952070151
333A,0.0009167985421895342
53G,0.0010850418291275198
230V,0.0011440477468442234
386F,0.0011918345966543287
301M,0.0013098501721872991
414C,0.0018232780811055615
337I,0.0022497126519954946
62R,0.002483301252730685
330H,0.0031889536305917286
328V,0.005791524177622809
425I,0.0064274511052194285
97R,0.01911587692520351
82P,0.02426245635357862
54M,0.02460871384434915
397Y,0.03308063926608691
55A,0.05372805056097527
239Y,0.2643909727570857
