feature,mean_importance
59N,-0.003811123974171693
281W,-0.002126644559319635
53G,-0.002116641613115133
235H,-0.0019710989458576965
390S,-0.0017511773542572273
78S,-0.0017175374290189448
207G,-0.0006201114300698584
249I,-0.0004402267951572281
251A,-0.0003644052723474456
337I,-0.00023070106955576098
299W,-0.00016284181367474116
119F,-0.00015894749509983707
417E,-0.00012631643898632915
231G,-9.96464369370953e-05
205F,-6.884724438591672e-05
107K,-5.7375098079170964e-05
396L,-5.572962260069758e-05
22I,-5.0259256566520526e-05
206R,-4.7338566516863524e-05
54M,-4.171735408804444e-05
240P,-8.168616363435355e-06
335A,0.0
334G,0.0
331H,0.0
329P,0.0
328V,0.0
327A,0.0
297D,0.0
296I,0.0
81V,0.0
278F,0.0
252F,0.0
250A,0.0
58A,0.0
248N,0.0
80A,0.0
246M,0.0
244E,0.0
336C,0.0
292M,0.0
385W,0.0
386F,0.0
426W,0.0
424K,0.0
423H,0.0
422S,0.0
421R,0.0
420D,0.0
419K,0.0
418I,0.0
50I,0.0
238H,0.0
416E,0.0
414C,0.0
401E,0.0
397Y,0.0
395D,0.0
394C,0.0
393V,0.0
392R,0.0
52A,0.0
389S,0.0
415F,0.0
237I,0.0
247V,0.0
427H,0.0
236L,0.0
127F,0.0
124R,0.0
123R,0.0
121A,0.0
120E,0.0
118G,0.0
117R,0.0
115G,0.0
112L,0.0
111Q,0.0
110Y,0.0
109L,0.0
108R,0.0
79G,0.0
100D,0.0
99V,0.0
96L,0.0
95Y,0.0
94D,0.0
82P,0.0
203F,0.0
204A,0.0
202K,0.0
428F,0.0
234A,0.0
61V,0.0
62R,0.0
230V,0.0
228M,0.0
227N,0.0
211M,0.0
226L,0.0
225T,0.0
224R,0.0
75L,2.924516183577808e-06
233N,0.00012937743867644791
402W,0.0001384950835948917
333A,0.00016337592367303698
332G,0.00023657523840268092
76R,0.0003269870979089928
301M,0.0006956304060898866
229H,0.0009344862077281579
391R,0.0010010519920730988
56F,0.0011561816321509876
241V,0.0016535943514679019
57T,0.0025546503665806685
122C,0.0029603108793224255
223A,0.0031940632386407764
253V,0.0032559868637729973
330H,0.004323358668014032
208L,0.005429093010513042
425I,0.0055629342820873616
51G,0.00840039105629371
254S,0.010865221883058074
97R,0.011831082736667952
98W,0.012118547923941713
55A,0.03457214406051399
239Y,0.2667493679575566
