feature,mean_importance
299W,-0.002155563268534122
124R,-0.0018328717943215667
418I,-0.0016119107650217402
390S,-0.0013245882343378757
385W,-0.0010384441306825476
223A,-0.0009536410597512201
230V,-0.0007937508088703638
229H,-0.0004277436764047904
402W,-0.00023296523916283007
278F,-0.000151395271122734
236L,-0.00015128737648926194
420D,-0.00012016980821389911
53G,-0.00010253523337306891
240P,-8.242303149794684e-05
391R,-1.2530078354200392e-05
296I,0.0
231G,0.0
292M,0.0
281W,0.0
233N,0.0
253V,0.0
251A,0.0
234A,0.0
247V,0.0
297D,0.0
244E,0.0
238H,0.0
237I,0.0
427H,0.0
249I,0.0
246M,0.0
235H,0.0
329P,0.0
426W,0.0
424K,0.0
423H,0.0
422S,0.0
421R,0.0
419K,0.0
417E,0.0
416E,0.0
415F,0.0
414C,0.0
396L,0.0
395D,0.0
394C,0.0
393V,0.0
392R,0.0
389S,0.0
337I,0.0
335A,0.0
334G,0.0
332G,0.0
331H,0.0
301M,0.0
333A,0.0
428F,0.0
227N,0.0
115G,0.0
111Q,0.0
228M,0.0
108R,0.0
107K,0.0
100D,0.0
99V,0.0
96L,0.0
95Y,0.0
117R,0.0
94D,0.0
81V,0.0
80A,0.0
78S,0.0
76R,0.0
62R,0.0
61V,0.0
58A,0.0
57T,0.0
52A,0.0
82P,0.0
118G,0.0
109L,0.0
120E,0.0
226L,0.0
225T,0.0
224R,0.0
211M,0.0
207G,0.0
119F,0.0
203F,0.0
202K,0.0
123R,0.0
204A,0.0
121A,0.0
250A,3.854866412205116e-05
50I,0.0001579711928284988
248N,0.0001613865796152858
22I,0.0002258206268776819
122C,0.0003971453459385765
110Y,0.00043273592918433577
205F,0.000575139685099768
206R,0.0006271357390571942
327A,0.0009061247997770083
397Y,0.0021226864787425638
56F,0.002190290135193984
386F,0.002222001279441188
112L,0.0023687856290657283
127F,0.0026306300085099377
59N,0.0030057295595824042
252F,0.0030572816747555407
336C,0.0031304423870091693
254S,0.0033085048125448546
51G,0.0034546802731351134
54M,0.0036912097142206557
330H,0.004113124249137945
79G,0.004877631256296122
401E,0.0060024480586160275
241V,0.007346812613842313
208L,0.007594893708294137
328V,0.014376303962283465
55A,0.016325443827715502
425I,0.016966180156490873
98W,0.01833048707334939
75L,0.021161651107318137
97R,0.03010322659082696
239Y,0.17869502618949776
