feature,mean_importance
301M,-0.0012558134120204568
234A,-0.0011958410153007915
390S,-0.0008337057163256389
299W,-0.0006128518694985985
335A,-0.0005420767957387662
426W,-0.0004317700800447577
127F,-0.0003322536894918127
297D,0.0
296I,0.0
292M,0.0
281W,0.0
278F,0.0
254S,0.0
253V,0.0
252F,0.0
22I,0.0
251A,0.0
249I,0.0
248N,0.0
247V,0.0
246M,0.0
240P,0.0
238H,0.0
237I,0.0
236L,0.0
427H,0.0
233N,0.0
328V,0.0
329P,0.0
333A,0.0
231G,0.0
425I,0.0
424K,0.0
423H,0.0
422S,0.0
421R,0.0
420D,0.0
419K,0.0
418I,0.0
417E,0.0
416E,0.0
415F,0.0
331H,0.0
414C,0.0
401E,0.0
396L,0.0
395D,0.0
393V,0.0
392R,0.0
391R,0.0
389S,0.0
386F,0.0
385W,0.0
336C,0.0
334G,0.0
402W,0.0
230V,0.0
235H,0.0
228M,0.0
109L,0.0
108R,0.0
107K,0.0
100D,0.0
99V,0.0
97R,0.0
96L,0.0
95Y,0.0
94D,0.0
82P,0.0
81V,0.0
80A,0.0
110Y,0.0
79G,0.0
76R,0.0
75L,0.0
62R,0.0
61V,0.0
59N,0.0
58A,0.0
57T,0.0
56F,0.0
54M,0.0
53G,0.0
52A,0.0
50I,0.0
78S,0.0
111Q,0.0
428F,0.0
112L,0.0
227N,0.0
226L,0.0
225T,0.0
224R,0.0
223A,0.0
211M,0.0
208L,0.0
207G,0.0
206R,0.0
205F,0.0
203F,0.0
202K,0.0
204A,0.0
123R,0.0
115G,0.0
117R,0.0
118G,0.0
121A,0.0
120E,0.0
124R,0.0
394C,1.2447166882534333e-05
330H,0.0001258471638191372
244E,0.0003875151923122599
332G,0.0007891241248280556
327A,0.0015984395806859064
229H,0.005191716160642912
51G,0.007384159359062603
337I,0.010598973125457212
250A,0.011053078347920797
119F,0.01176295617592622
55A,0.012050758481397228
122C,0.01756591401347718
241V,0.019991494767659955
98W,0.028359129160240238
397Y,0.0470917261238577
239Y,0.1403807247472527
