feature,mean_importance
208L,-0.0037159779548432636
54M,-0.002247541797014407
107K,-0.0018851756165183975
331H,-0.0015588844423512604
241V,-0.0014431785991649627
238H,-0.0013897491849581111
335A,-0.001318548705078104
249I,-0.0010955251611471483
206R,-0.0009685890507205696
233N,-0.0007873314453590962
117R,-0.0007426266036284712
330H,-0.0006534637620430273
391R,-0.0006023739752065938
122C,-0.0005108013414333535
336C,-0.00022426139865741045
230V,-0.0001845756378565877
205F,-0.00013919015474614938
211M,-0.00011728837165017047
22I,-0.00010404420757110788
299W,-7.240771448151495e-05
127F,-7.129215884784656e-05
394C,-4.089388130286142e-05
53G,-1.015609901775516e-05
250A,0.0
251A,0.0
253V,0.0
244E,0.0
236L,0.0
427H,0.0
247V,0.0
278F,0.0
329P,0.0
296I,0.0
426W,0.0
424K,0.0
423H,0.0
422S,0.0
421R,0.0
420D,0.0
419K,0.0
415F,0.0
414C,0.0
401E,0.0
396L,0.0
395D,0.0
392R,0.0
389S,0.0
385W,0.0
334G,0.0
333A,0.0
228M,0.0
297D,0.0
292M,0.0
227N,0.0
428F,0.0
225T,0.0
110Y,0.0
109L,0.0
108R,0.0
100D,0.0
226L,0.0
96L,0.0
95Y,0.0
94D,0.0
81V,0.0
79G,0.0
78S,0.0
76R,0.0
75L,0.0
62R,0.0
61V,0.0
59N,0.0
58A,0.0
57T,0.0
52A,0.0
111Q,0.0
112L,0.0
99V,0.0
224R,0.0
118G,0.0
119F,0.0
120E,0.0
203F,0.0
207G,0.0
121A,0.0
115G,0.0
124R,0.0
204A,0.0
123R,0.0
332G,6.011907609515532e-08
390S,2.262204980896243e-05
248N,5.7629226421029854e-05
386F,0.00012609074783995756
229H,0.00019964470498909926
246M,0.0002796793955464283
402W,0.00028097464585463694
231G,0.0004133564806801493
80A,0.000511774640314755
301M,0.0006344281390844974
202K,0.0006765140501349576
240P,0.0007263412078413634
235H,0.0008592259283957571
223A,0.000898518774338375
252F,0.0009599729775838561
327A,0.0010390664277176054
418I,0.001056277265290273
50I,0.0014220591855093946
51G,0.0021929736701563176
234A,0.0025349614479567516
417E,0.002560584052647208
56F,0.0026581739449390573
337I,0.002860067022135859
416E,0.0031276530302616124
237I,0.004720801477885917
98W,0.004901909142522998
328V,0.005151063735307692
393V,0.005906507885635559
281W,0.007074333191321047
425I,0.007430231310690561
82P,0.010404661740623156
397Y,0.017230781420598175
254S,0.018786472837123758
55A,0.027598741359668666
97R,0.03655247759890492
239Y,0.14106910556116442
