feature,mean_importance
208L,-0.0037159779548433525
54M,-0.002247541797014496
107K,-0.0018851756165185086
331H,-0.0015588844423513493
241V,-0.0014431785991650293
238H,-0.0013897491849582222
335A,-0.001318548705078193
249I,-0.0010955251611472372
206R,-0.0009685890507206585
233N,-0.0007873314453592073
117R,-0.00074262660362856
330H,-0.0006534637620431161
391R,-0.0006023739752066826
122C,-0.0005108013414334422
336C,-0.00022426139865752148
230V,-0.00018457563785669872
205F,-0.00013919015474621598
211M,-0.0001172883716502593
22I,-0.00010404420757115229
299W,-7.240771448158156e-05
127F,-7.129215884786877e-05
394C,-4.0893881302950244e-05
53G,-1.0156099017799569e-05
250A,0.0
251A,0.0
253V,0.0
244E,0.0
236L,0.0
427H,0.0
247V,0.0
278F,0.0
329P,0.0
296I,0.0
426W,0.0
424K,0.0
423H,0.0
422S,0.0
421R,0.0
420D,0.0
419K,0.0
415F,0.0
414C,0.0
401E,0.0
396L,0.0
395D,0.0
392R,0.0
389S,0.0
385W,0.0
334G,0.0
333A,0.0
228M,0.0
297D,0.0
292M,0.0
227N,0.0
428F,0.0
225T,0.0
110Y,0.0
109L,0.0
108R,0.0
100D,0.0
226L,0.0
96L,0.0
95Y,0.0
94D,0.0
81V,0.0
79G,0.0
78S,0.0
76R,0.0
75L,0.0
62R,0.0
61V,0.0
59N,0.0
58A,0.0
57T,0.0
52A,0.0
111Q,0.0
112L,0.0
99V,0.0
224R,0.0
118G,0.0
119F,0.0
120E,0.0
203F,0.0
207G,0.0
121A,0.0
115G,0.0
124R,0.0
204A,0.0
123R,0.0
332G,6.011907598413302e-08
390S,2.2622049808918022e-05
248N,5.762922642094104e-05
386F,0.00012609074783984653
229H,0.00019964470498898824
246M,0.0002796793955463173
402W,0.0002809746458545703
231G,0.0004133564806801271
80A,0.000511774640314644
301M,0.0006344281390843864
202K,0.0006765140501348687
240P,0.0007263412078413412
235H,0.0008592259283956461
223A,0.0008985187743383083
252F,0.0009599729775837673
327A,0.0010390664277175389
418I,0.0010562772652902507
50I,0.0014220591855092835
51G,0.0021929736701562287
234A,0.0025349614479566406
417E,0.002560584052647097
56F,0.0026581739449389463
337I,0.0028600670221357706
416E,0.0031276530302615235
237I,0.004720801477885806
98W,0.004901909142522909
328V,0.005151063735307581
393V,0.00590650788563547
281W,0.007074333191320936
425I,0.007430231310690471
82P,0.010404661740623067
397Y,0.017230781420598085
254S,0.018786472837123692
55A,0.0275987413596686
97R,0.03655247759890488
239Y,0.1410691055611643
