feature,mean_importance
205F,-0.0018194170896742134
211M,-0.0007723536798606601
82P,-0.0007508810310278058
58A,-0.0005444638086971931
422S,-0.00033955096117850304
225T,-0.0002906784624475245
249I,-0.0001795477914671384
228M,-0.00015874037201448754
278F,0.0
253V,0.0
252F,0.0
251A,0.0
250A,0.0
248N,0.0
240P,0.0
241V,0.0
238H,0.0
237I,0.0
231G,0.0
230V,0.0
229H,0.0
227N,0.0
226L,0.0
247V,0.0
281W,0.0
22I,0.0
297D,0.0
426W,0.0
423H,0.0
421R,0.0
420D,0.0
416E,0.0
414C,0.0
393V,0.0
392R,0.0
390S,0.0
389S,0.0
385W,0.0
336C,0.0
335A,0.0
334G,0.0
333A,0.0
332G,0.0
329P,0.0
327A,0.0
301M,0.0
292M,0.0
299W,0.0
235H,0.0
428F,0.0
108R,0.0
117R,0.0
100D,0.0
96L,0.0
207G,0.0
94D,0.0
75L,0.0
62R,0.0
61V,0.0
59N,0.0
112L,0.0
57T,0.0
122C,0.0
54M,0.0
124R,0.0
127F,0.0
202K,0.0
53G,0.0
51G,0.0
50I,0.0
206R,0.0
109L,0.0
424K,4.861946265344308e-05
99V,5.791071583796104e-05
233N,7.746041290563887e-05
208L,0.0002957653064106225
52A,0.00041004784224871747
401E,0.0004336993093318808
115G,0.00044010662088092014
204A,0.0004583437715705685
95Y,0.0004878840573254717
236L,0.000554287847660384
337I,0.0006723722930799036
224R,0.0007070738695801992
419K,0.0008878592068221281
395D,0.0009910513612816142
76R,0.0010401201278879447
80A,0.0011018890344474785
417E,0.0012646188827682536
246M,0.0013798033625926243
98W,0.0016205310373634374
111Q,0.0016697265905144087
394C,0.0017071053069638077
330H,0.0019254274424336693
386F,0.0020362710972529063
427H,0.0022091753002186467
121A,0.002269803889401878
110Y,0.0022783594667576514
402W,0.0023407759596694834
418I,0.0024775110409465118
55A,0.0025773623257970167
223A,0.0026003372994882535
56F,0.002983673358341976
78S,0.0031165907470718456
415F,0.0031314437101662264
244E,0.003286315604679535
234A,0.003508757129740703
396L,0.003800857109870215
296I,0.004079367395510558
120E,0.004476009256576319
107K,0.004753103948420346
391R,0.005004903869496724
119F,0.0062087756644168875
203F,0.007205491304173495
328V,0.007213050794913678
118G,0.008816281843535823
79G,0.009698437422494766
397Y,0.01017342286211309
81V,0.010598825563089841
254S,0.010629206414377257
331H,0.012707696220204668
123R,0.015467549969909778
425I,0.015539459527387445
97R,0.030051267315947473
239Y,0.1752544534457749
