feature,mean_importance
205F,-0.0018194170896742579
211M,-0.0007723536798606822
82P,-0.000750881031027828
58A,-0.0005444638086971931
422S,-0.0003395509611785252
225T,-0.0002906784624475911
249I,-0.00017954779146718282
228M,-0.00015874037201450973
229H,-2.2204460492503132e-17
278F,0.0
253V,0.0
252F,0.0
251A,0.0
250A,0.0
248N,0.0
240P,0.0
241V,0.0
238H,0.0
237I,0.0
231G,0.0
230V,0.0
227N,0.0
226L,0.0
247V,0.0
281W,0.0
22I,0.0
297D,0.0
426W,0.0
423H,0.0
421R,0.0
420D,0.0
416E,0.0
414C,0.0
393V,0.0
392R,0.0
390S,0.0
389S,0.0
385W,0.0
336C,0.0
335A,0.0
334G,0.0
333A,0.0
332G,0.0
329P,0.0
327A,0.0
301M,0.0
292M,0.0
299W,0.0
235H,0.0
428F,0.0
108R,0.0
117R,0.0
100D,0.0
96L,0.0
207G,0.0
94D,0.0
75L,0.0
62R,0.0
61V,0.0
59N,0.0
112L,0.0
57T,0.0
122C,0.0
54M,0.0
124R,0.0
127F,0.0
202K,0.0
53G,0.0
51G,0.0
50I,0.0
206R,0.0
109L,0.0
424K,4.8619462653420874e-05
99V,5.791071583796104e-05
233N,7.746041290559446e-05
208L,0.00029576530641055586
52A,0.00041004784224867307
401E,0.00043369930933185864
115G,0.0004401066208808979
204A,0.0004583437715705685
95Y,0.00048788405732544946
236L,0.0005542878476602509
337I,0.0006723722930798371
224R,0.0007070738695801104
419K,0.0008878592068220836
395D,0.0009910513612815697
76R,0.001040120127887878
80A,0.0011018890344474785
417E,0.0012646188827682091
246M,0.0013798033625925577
98W,0.0016205310373633487
111Q,0.0016697265905143643
394C,0.0017071053069637632
330H,0.001925427442433647
386F,0.0020362710972529285
427H,0.00220917530021858
121A,0.002269803889401856
110Y,0.0022783594667576514
402W,0.0023407759596693945
418I,0.0024775110409465118
55A,0.0025773623257970167
223A,0.0026003372994882314
56F,0.0029836733583419096
78S,0.0031165907470718235
415F,0.0031314437101661154
244E,0.0032863156046794907
234A,0.0035087571297406583
396L,0.003800857109870148
296I,0.004079367395510514
120E,0.004476009256576296
107K,0.004753103948420279
391R,0.005004903869496702
119F,0.006208775664416843
203F,0.007205491304173495
328V,0.007213050794913678
118G,0.0088162818435358
79G,0.00969843742249472
397Y,0.010173422862113046
81V,0.010598825563089841
254S,0.010629206414377234
331H,0.012707696220204645
123R,0.015467549969909733
425I,0.015539459527387422
97R,0.030051267315947473
239Y,0.1752544534457749
