feature,shap_importance
239Y,0.3548716397345988
123R,0.12509138394452515
81V,0.058861914672178904
119F,0.053511183188889824
97R,0.04894137922938065
425I,0.04158790476017932
397Y,0.03904535184015107
118G,0.03355281102898546
224R,0.031014706477986737
100D,0.022253924344826065
415F,0.021450125930784165
254S,0.019079338463882208
98W,0.016450180928359138
55A,0.01642763157737174
296I,0.012379210616192515
253V,0.012366662435941691
80A,0.011692128976060062
427H,0.01149595969707165
99V,0.010555671981002348
278F,0.010516187806125867
227N,0.008817831884097986
330H,0.008665014095167215
117R,0.007953822480882961
58A,0.007276841858672367
328V,0.007141895744530596
94D,0.00684305155612144
337I,0.006128161740325559
414C,0.005830993266098146
120E,0.005352257220563437
386F,0.005320517011269682
223A,0.0049417842399391895
121A,0.004558458327161324
115G,0.004406160423263935
416E,0.004321381168695942
420D,0.00425783973160227
419K,0.0036824032045988547
422S,0.003612365259913075
301M,0.0035185205524286807
246M,0.0029668424974128157
57T,0.0022850426465453218
234A,0.002066640956588331
424K,0.0014104085762437248
204A,0.0012960665659060102
396L,0.0007096522809861995
299W,0.0
327A,0.0
329P,0.0
333A,0.0
331H,0.0
292M,0.0
332G,0.0
281W,0.0
297D,0.0
22I,0.0
334G,0.0
335A,0.0
426W,0.0
423H,0.0
421R,0.0
418I,0.0
417E,0.0
402W,0.0
401E,0.0
395D,0.0
394C,0.0
393V,0.0
251A,0.0
392R,0.0
391R,0.0
390S,0.0
389S,0.0
385W,0.0
336C,0.0
252F,0.0
235H,0.0
250A,0.0
79G,0.0
122C,0.0
112L,0.0
111Q,0.0
110Y,0.0
109L,0.0
108R,0.0
107K,0.0
96L,0.0
95Y,0.0
82P,0.0
78S,0.0
249I,0.0
76R,0.0
75L,0.0
62R,0.0
61V,0.0
59N,0.0
56F,0.0
54M,0.0
53G,0.0
52A,0.0
51G,0.0
124R,0.0
127F,0.0
202K,0.0
203F,0.0
248N,0.0
247V,0.0
244E,0.0
241V,0.0
240P,0.0
238H,0.0
237I,0.0
236L,0.0
50I,0.0
233N,0.0
231G,0.0
230V,0.0
229H,0.0
228M,0.0
226L,0.0
225T,0.0
211M,0.0
208L,0.0
207G,0.0
206R,0.0
205F,0.0
428F,0.0
