feature,shap_importance
239Y,0.4528531037109354
81V,0.07581603371847943
123R,0.05770140943831031
94D,0.05210848823233531
389S,0.043594688043908765
80A,0.03612234422052894
55A,0.028291620687923045
118G,0.02705490321669013
115G,0.02569060306842095
425I,0.024869811480840366
97R,0.023779944090405746
224R,0.02046338930652271
119F,0.020141566082791985
337I,0.018896788214800217
328V,0.01733637079503448
223A,0.015577950017492565
79G,0.011605771257795557
397Y,0.011358489636773338
296I,0.010367574898066521
393V,0.010203910309641582
107K,0.00865503695273864
203F,0.008371745413808725
228M,0.008134663769825391
419K,0.007877409026250833
420D,0.00786552431382852
121A,0.007298726483639384
301M,0.007128786789248384
394C,0.006791747084132654
108R,0.006512178691274047
422S,0.005441851030987995
427H,0.005399006500512703
385W,0.005376663616862471
253V,0.005284161227038711
96L,0.004970795256599287
417E,0.004965727642654819
386F,0.004733250476251856
61V,0.004498624284855791
100D,0.004436250237592588
99V,0.004196508655207469
58A,0.0038203287213151834
238H,0.003577493489723525
235H,0.003193339072383147
202K,0.0031646559905986497
234A,0.003013448655870108
240P,0.002557514980090645
62R,0.0023212592974808247
244E,0.0021280569152852956
418I,0.0015294168929346889
59N,0.0012195570009014174
414C,0.0011271247857505976
424K,0.00107751032884322
248N,0.0006345905724334236
233N,0.0006095211250335769
327A,0.0
299W,0.0
297D,0.0
292M,0.0
329P,0.0
330H,0.0
331H,0.0
395D,0.0
332G,0.0
333A,0.0
426W,0.0
423H,0.0
421R,0.0
416E,0.0
415F,0.0
402W,0.0
401E,0.0
396L,0.0
278F,0.0
392R,0.0
391R,0.0
390S,0.0
336C,0.0
335A,0.0
334G,0.0
281W,0.0
22I,0.0
254S,0.0
127F,0.0
122C,0.0
120E,0.0
117R,0.0
112L,0.0
111Q,0.0
110Y,0.0
109L,0.0
98W,0.0
95Y,0.0
82P,0.0
78S,0.0
76R,0.0
75L,0.0
57T,0.0
56F,0.0
54M,0.0
53G,0.0
52A,0.0
51G,0.0
124R,0.0
204A,0.0
252F,0.0
205F,0.0
251A,0.0
250A,0.0
249I,0.0
247V,0.0
246M,0.0
241V,0.0
237I,0.0
236L,0.0
50I,0.0
231G,0.0
230V,0.0
229H,0.0
227N,0.0
226L,0.0
225T,0.0
211M,0.0
208L,0.0
207G,0.0
206R,0.0
428F,0.0
