feature,shap_importance
239Y,1.4436573
397Y,0.3914163
80A,0.34797925
94D,0.28988406
97R,0.2848277
226L,0.28169137
81V,0.23395026
425I,0.2196366
253V,0.21543321
416E,0.18852027
115G,0.18190634
107K,0.175948
254S,0.16771391
117R,0.16620639
55A,0.16549614
415F,0.16296402
224R,0.15576568
393V,0.14826657
119F,0.1422068
108R,0.12939914
428F,0.12571698
76R,0.1208968
100D,0.11361513
246M,0.11230395
395D,0.11129333
420D,0.103625216
208L,0.102066666
427H,0.10182287
79G,0.09960365
424K,0.09872193
109L,0.09785931
401E,0.097071484
236L,0.09676897
419K,0.09201019
423H,0.09119205
111Q,0.09025535
402W,0.08868609
297D,0.07876684
422S,0.07716203
249I,0.07701553
122C,0.07462234
50I,0.07455717
223A,0.07423458
96L,0.07299534
233N,0.072124764
110Y,0.06934267
337I,0.06703493
82P,0.06594639
203F,0.06546942
418I,0.06502247
296I,0.061816577
234A,0.06147646
396L,0.060746863
112L,0.05951144
228M,0.059161168
98W,0.05850044
99V,0.057372503
417E,0.053646337
251A,0.053116642
127F,0.05311401
235H,0.051123615
414C,0.049930774
58A,0.045832805
292M,0.044774465
421R,0.043728117
59N,0.04307281
244E,0.041830845
120E,0.041724272
392R,0.041348577
62R,0.03997168
202K,0.036405094
241V,0.033270862
237I,0.032742005
54M,0.03210996
230V,0.03196869
328V,0.03188537
57T,0.03175284
207G,0.031258848
252F,0.029634234
123R,0.029450338
281W,0.028941453
330H,0.02837027
56F,0.028195843
386F,0.026874563
301M,0.026819715
61V,0.02513209
327A,0.023379631
227N,0.023270952
240P,0.022303855
95Y,0.022303395
250A,0.022141015
78S,0.021869278
391R,0.021180816
385W,0.01870441
205F,0.017952576
426W,0.017354093
229H,0.015212102
238H,0.0145060215
333A,0.013562213
75L,0.013364319
204A,0.011650072
247V,0.011474339
121A,0.011456976
211M,0.011088759
278F,0.009958284
336C,0.008456957
389S,0.00824775
118G,0.0075372746
52A,0.00691151
225T,0.004827098
51G,0.0042376295
394C,0.004226769
331H,0.0030462835
22I,0.0012253269
299W,0.0011959006
53G,0.0011238643
248N,0.0010585298
231G,0.0
390S,0.0
124R,0.0
335A,0.0
332G,0.0
329P,0.0
206R,0.0
334G,0.0
