feature,shap_importance
239Y,1.299506
55A,1.1554163
397Y,0.38118926
81V,0.38051537
94D,0.27370414
97R,0.24575429
416E,0.24384066
117R,0.2362434
428F,0.21189663
80A,0.21014875
50I,0.20297824
425I,0.18994147
115G,0.18914528
396L,0.18173476
119F,0.17439699
76R,0.17221913
236L,0.1629521
108R,0.15579951
420D,0.15185472
107K,0.14738652
417E,0.13588221
253V,0.1341425
401E,0.13213584
415F,0.1319482
427H,0.12790099
395D,0.12636808
226L,0.102768086
111Q,0.102071755
246M,0.097588226
414C,0.09666938
228M,0.0889169
230V,0.0874523
224R,0.086170435
208L,0.08555182
419K,0.08395812
122C,0.08281246
392R,0.07948537
98W,0.078592815
54M,0.07662749
223A,0.07584374
247V,0.07469499
78S,0.07323412
423H,0.07301607
393V,0.07130549
109L,0.07019561
251A,0.067293
233N,0.06700415
418I,0.06696931
249I,0.066197306
62R,0.06312156
328V,0.061950542
118G,0.061618745
110Y,0.06114259
61V,0.06046775
254S,0.059261445
237I,0.0588871
227N,0.05712331
244E,0.053334974
96L,0.051238123
79G,0.048879668
297D,0.046973698
229H,0.04597985
203F,0.044690765
337I,0.043987457
238H,0.043738157
112L,0.041145336
58A,0.040868122
424K,0.039230216
205F,0.03884513
422S,0.038426965
421R,0.03826622
225T,0.037541207
402W,0.03545686
57T,0.033725806
296I,0.033357546
95Y,0.031477258
127F,0.029874057
333A,0.028432604
99V,0.025971275
292M,0.025715396
207G,0.024828788
252F,0.023843244
100D,0.022518948
120E,0.021989893
386F,0.021856764
278F,0.02075391
241V,0.02073485
301M,0.019999143
75L,0.01914527
234A,0.018755233
82P,0.017776884
240P,0.017623413
336C,0.017299797
59N,0.016307168
250A,0.016116688
121A,0.0148228
22I,0.014427515
330H,0.013833581
327A,0.013341047
52A,0.012125705
385W,0.011218788
56F,0.009975066
202K,0.00963895
281W,0.008301859
211M,0.007794198
389S,0.007611152
331H,0.0055590477
394C,0.005500321
123R,0.0054262723
235H,0.004596155
204A,0.0039852955
426W,0.0028521603
391R,0.002825638
335A,0.0026136104
248N,0.0015288946
299W,0.0
231G,0.0
329P,0.0
206R,0.0
332G,0.0
124R,0.0
334G,0.0
53G,0.0
390S,0.0
51G,0.0
