feature,shap_importance
239Y,1.8267952
55A,0.43025544
94D,0.28317556
80A,0.28049004
253V,0.2802979
81V,0.27433938
416E,0.2016953
117R,0.17417616
419K,0.17289895
119F,0.1671817
97R,0.14512014
425I,0.14303307
389S,0.1346429
397Y,0.1332449
427H,0.1302659
420D,0.1285933
228M,0.12807271
115G,0.12582976
401E,0.12546255
337I,0.12419692
233N,0.110007726
223A,0.10756474
118G,0.10615216
428F,0.10272466
107K,0.10226232
62R,0.10170833
108R,0.10010418
111Q,0.0983951
121A,0.0973142
414C,0.09176618
297D,0.08974001
423H,0.08961716
50I,0.08920318
110Y,0.08917798
58A,0.083032146
79G,0.08222695
224R,0.08209777
76R,0.081982434
122C,0.07855249
402W,0.07509363
120E,0.072681725
54M,0.07211779
100D,0.06989231
61V,0.06862294
292M,0.06829259
296I,0.06793128
237I,0.06780165
421R,0.06621745
417E,0.065036796
203F,0.06468357
236L,0.06284656
331H,0.060587134
415F,0.06027566
395D,0.05994665
95Y,0.05961526
418I,0.057658553
227N,0.057202518
112L,0.056156855
208L,0.055665664
225T,0.05416427
59N,0.052910287
234A,0.051558517
127F,0.051275495
424K,0.049805116
99V,0.047976423
226L,0.04765205
249I,0.04629798
386F,0.04491946
396L,0.04425448
246M,0.04357767
301M,0.041308068
109L,0.040346418
82P,0.040321644
205F,0.039501227
229H,0.039335947
394C,0.0385449
96L,0.038050607
392R,0.036595576
75L,0.03546255
98W,0.03467669
238H,0.032466844
123R,0.030707628
254S,0.029665658
251A,0.029140161
281W,0.028288009
78S,0.025116548
391R,0.024806743
393V,0.024663974
426W,0.023443533
327A,0.022563534
235H,0.021796878
230V,0.019216333
207G,0.01878008
56F,0.018174578
57T,0.01749992
328V,0.017311972
330H,0.017191486
247V,0.016160615
202K,0.015555773
422S,0.014290384
252F,0.013790349
250A,0.013351401
211M,0.012990721
385W,0.012751993
278F,0.012622066
333A,0.010864911
336C,0.009363037
241V,0.008866157
244E,0.008566801
240P,0.0072729653
51G,0.0064668376
52A,0.0054627033
204A,0.0050038146
22I,0.0038126162
299W,0.0015647311
248N,0.0011731139
53G,0.0011546317
231G,0.00033953084
206R,0.0
124R,0.0
390S,0.0
329P,0.0
335A,0.0
334G,0.0
332G,0.0
