feature,shap_importance
239Y,1.6138712
97R,0.43592057
94D,0.3418892
117R,0.27790228
397Y,0.2740532
254S,0.26973838
55A,0.24028184
78S,0.22051722
428F,0.2120452
81V,0.20251551
80A,0.19482863
115G,0.16951478
424K,0.16661872
107K,0.1562269
402W,0.13989349
419K,0.1304093
108R,0.12970884
417E,0.12463742
425I,0.12398317
246M,0.12270241
427H,0.120818645
233N,0.12057775
112L,0.11630251
401E,0.10906823
396L,0.10826668
224R,0.10561924
253V,0.10066395
236L,0.09870651
420D,0.09768942
423H,0.09721015
111Q,0.095727466
395D,0.09437704
297D,0.0920354
226L,0.091937296
292M,0.0897649
249I,0.08743573
76R,0.08740632
98W,0.08475722
110Y,0.084456906
119F,0.08140787
229H,0.07992114
82P,0.07652429
247V,0.07578796
208L,0.07536623
296I,0.0752641
415F,0.07040783
337I,0.06836167
109L,0.06800316
416E,0.06638381
227N,0.06463213
393V,0.062092073
228M,0.060835738
223A,0.059799932
244E,0.05954601
422S,0.058896895
122C,0.05371099
127F,0.053423613
99V,0.05311531
225T,0.05233837
418I,0.0521538
234A,0.05046323
118G,0.050308816
414C,0.05012397
386F,0.04950941
50I,0.048263036
251A,0.04787199
95Y,0.047584295
62R,0.047493834
96L,0.047389146
79G,0.046645645
392R,0.0451148
58A,0.044455677
230V,0.043284506
54M,0.040805176
203F,0.0384982
327A,0.0325913
61V,0.032514326
250A,0.031126458
421R,0.031111471
211M,0.030439451
120E,0.02898197
100D,0.027868839
59N,0.026779171
278F,0.025863647
394C,0.024900267
238H,0.02484306
57T,0.024340112
202K,0.024317207
121A,0.023633465
75L,0.022865182
123R,0.02206444
391R,0.020565009
328V,0.01982318
333A,0.01948708
204A,0.015814042
389S,0.014350474
241V,0.012634268
240P,0.012255582
235H,0.01221476
205F,0.012172404
207G,0.0121448515
52A,0.010988307
301M,0.010407715
237I,0.010119046
56F,0.009186296
385W,0.008393969
330H,0.0078549
252F,0.006497687
336C,0.004716232
281W,0.004421972
22I,0.0026323497
331H,0.0021742852
231G,0.0016386684
51G,0.0011218142
335A,0.0010959086
299W,0.0009630872
390S,0.0
329P,0.0
206R,0.0
332G,0.0
124R,0.0
334G,0.0
53G,0.0
426W,0.0
248N,0.0
