feature,shap_importance
239Y,1.5184858
55A,0.5227798
81V,0.28998718
425I,0.28222576
117R,0.28109926
420D,0.22504555
427H,0.19307506
115G,0.19068849
393V,0.18642518
253V,0.18523675
80A,0.18405333
397Y,0.17906183
107K,0.17649123
97R,0.17222741
94D,0.1692417
402W,0.16356218
415F,0.15598461
111Q,0.15352285
76R,0.14972867
236L,0.14510116
108R,0.14420536
224R,0.14267284
119F,0.14083198
297D,0.12769887
414C,0.119849
428F,0.11544752
78S,0.11484314
417E,0.10854231
419K,0.10832082
235H,0.107019454
229H,0.106773324
423H,0.105620936
226L,0.102967545
82P,0.10246818
203F,0.09824271
416E,0.094515756
246M,0.09332516
254S,0.08819247
249I,0.08573124
112L,0.081076436
110Y,0.07736166
50I,0.07584016
396L,0.075132206
228M,0.07436579
386F,0.07274863
424K,0.071087375
98W,0.068364725
127F,0.06525554
401E,0.0652157
207G,0.06458226
233N,0.064302966
251A,0.063126855
225T,0.062053863
223A,0.061984636
79G,0.06157107
247V,0.055505894
234A,0.05530434
58A,0.053564064
337I,0.052277677
123R,0.05222246
61V,0.05189462
100D,0.051765066
109L,0.04955005
244E,0.04889603
296I,0.04867398
421R,0.04684652
237I,0.04592788
418I,0.044962548
56F,0.043137603
328V,0.04071885
301M,0.039869606
96L,0.038152713
208L,0.037289836
54M,0.036643613
327A,0.03638554
122C,0.036162715
391R,0.034479763
392R,0.034325577
278F,0.03427682
62R,0.032140277
99V,0.031724066
230V,0.03127288
118G,0.029768994
95Y,0.029581172
211M,0.029221723
292M,0.028791467
59N,0.028322732
120E,0.02716393
75L,0.025542958
57T,0.023656173
227N,0.022651708
395D,0.022467405
121A,0.021319337
422S,0.016834782
240P,0.016617749
394C,0.016418807
385W,0.0155546395
331H,0.011950624
241V,0.009310382
389S,0.008654144
202K,0.007513596
252F,0.006962754
250A,0.0067499303
204A,0.005790692
205F,0.0056646788
333A,0.00509874
336C,0.004022915
281W,0.0033700068
238H,0.0033158734
426W,0.0031047766
330H,0.0029164015
22I,0.0029146026
52A,0.0020449096
299W,0.0019066777
248N,0.0016453629
334G,0.0
335A,0.0
390S,0.0
332G,0.0
206R,0.0
231G,0.0
124R,0.0
329P,0.0
51G,0.0
53G,0.0
