feature,mean_importance
251A,-0.0027518691713885437
415F,-0.0020598640568162186
203F,-0.0015824068233850409
107K,-0.0013983724413622945
278F,-0.0013471757313172183
224R,-0.0010144015773131843
208L,-0.000978967412060805
56F,-0.0009515268306916847
246M,-0.0009307444878345006
237I,-0.0007354729790207016
207G,-0.000673839163137635
50I,-0.0005432770496160089
238H,-0.0002631091208575853
205F,-0.00018910058411223397
228M,-4.3761692076804695e-05
225T,-4.16345552916697e-05
58A,-2.7657924988111483e-05
53G,-2.3606863675329494e-05
330H,0.0
236L,0.0
244E,0.0
427H,0.0
247V,0.0
249I,0.0
252F,0.0
292M,0.0
296I,0.0
297D,0.0
233N,0.0
329P,0.0
331H,0.0
22I,0.0
333A,0.0
426W,0.0
424K,0.0
423H,0.0
422S,0.0
421R,0.0
420D,0.0
419K,0.0
418I,0.0
416E,0.0
414C,0.0
332G,0.0
402W,0.0
396L,0.0
395D,0.0
394C,0.0
393V,0.0
392R,0.0
391R,0.0
389S,0.0
385W,0.0
336C,0.0
231G,0.0
401E,0.0
334G,0.0
235H,0.0
110Y,0.0
117R,0.0
115G,0.0
112L,0.0
111Q,0.0
109L,0.0
108R,0.0
100D,0.0
97R,0.0
118G,0.0
96L,0.0
94D,0.0
81V,0.0
76R,0.0
62R,0.0
61V,0.0
59N,0.0
57T,0.0
52A,0.0
95Y,0.0
120E,0.0
428F,0.0
204A,0.0
227N,0.0
124R,0.0
211M,0.0
127F,1.29786289967182e-05
417E,4.4713778668681316e-05
240P,9.150848051828753e-05
299W,0.00012914603889573327
281W,0.0001988122145810234
253V,0.00029845393470333547
206R,0.00030372194595000844
202K,0.0005167008463565548
390S,0.0005991697367907056
248N,0.0006382697601646558
328V,0.0007909916185792065
82P,0.0008286158206698869
119F,0.0008436437508627437
386F,0.0008990470842270782
223A,0.0009127490585340459
226L,0.0009157825022761079
234A,0.0009901693879980523
335A,0.0010430342860352493
123R,0.001085587820215772
230V,0.0011032703610666327
51G,0.0012606049923697738
254S,0.0013251971716840005
122C,0.0017506492866075085
241V,0.002078393007422208
121A,0.002471047224609002
99V,0.0026153632072145826
250A,0.0026388663160325397
229H,0.002757209682211048
80A,0.0030369254110629964
425I,0.003319747038841947
98W,0.0045155884510303945
301M,0.004652447861812736
75L,0.004773164805403973
337I,0.004876300011378776
327A,0.0050519850158109005
78S,0.005704435588871593
54M,0.010603907566539172
79G,0.016697279741705318
55A,0.024015533728820083
397Y,0.03190894911318587
239Y,0.20128969063668406
