feature,mean_importance
62R,-0.002272271801761727
332G,-0.0018104734376502396
230V,-0.00123269236785557
251A,-0.0009333992286333137
248N,-0.0008077982777920933
240P,-0.0005980156467040975
231G,-0.00040686539880456784
22I,-0.00034828970690115035
328V,-0.00019592260245355765
229H,-0.00017803267154605784
206R,-0.0001620331210190562
394C,-0.0001596467810793145
327A,-0.00014944213679664032
211M,-0.0001372091208381221
385W,-0.00010918739751841766
53G,-1.0519986675383563e-05
80A,-1.0015960322751206e-05
299W,0.0
297D,0.0
296I,0.0
292M,0.0
281W,0.0
236L,0.0
249I,0.0
244E,0.0
241V,0.0
427H,0.0
238H,0.0
237I,0.0
278F,0.0
250A,0.0
330H,0.0
228M,0.0
426W,0.0
425I,0.0
424K,0.0
423H,0.0
421R,0.0
419K,0.0
418I,0.0
417E,0.0
416E,0.0
329P,0.0
415F,0.0
402W,0.0
395D,0.0
393V,0.0
392R,0.0
389S,0.0
337I,0.0
334G,0.0
333A,0.0
331H,0.0
414C,0.0
227N,0.0
235H,0.0
100D,0.0
115G,0.0
112L,0.0
111Q,0.0
110Y,0.0
109L,0.0
108R,0.0
107K,0.0
226L,0.0
97R,0.0
117R,0.0
96L,0.0
94D,0.0
81V,0.0
79G,0.0
76R,0.0
75L,0.0
61V,0.0
59N,0.0
58A,0.0
57T,0.0
95Y,0.0
119F,0.0
428F,0.0
127F,0.0
205F,0.0
204A,0.0
203F,0.0
202K,0.0
224R,0.0
124R,0.0
223A,0.0
120E,0.0
123R,0.0
121A,0.0
56F,3.263925791248123e-05
99V,5.8435808470558294e-05
391R,0.00010212081201399492
335A,0.0001371114432822118
225T,0.00016956569482586836
390S,0.00018577135857045235
54M,0.00022249194553809472
252F,0.0002575954149807602
50I,0.0002722713412234956
336C,0.0003431052791145639
422S,0.00037644992124914457
247V,0.00041986219240168764
301M,0.0004906700425444388
52A,0.0006099523101587457
246M,0.0008359742803379699
253V,0.001117641015631321
386F,0.0012125672367253371
82P,0.0012436976247054865
233N,0.0012761451732833163
396L,0.001515176783864014
401E,0.00160965375493487
207G,0.0016198811962953251
118G,0.0017128767239890763
420D,0.0028145749417076704
208L,0.0030056067229422556
122C,0.0031185211430011296
51G,0.0034552786043052564
78S,0.003998099089782325
397Y,0.006458020334463877
234A,0.007187988182754013
98W,0.016016319230701858
254S,0.03615107146334802
55A,0.04302106284227449
239Y,0.18337681517595483
