feature,mean_importance
234A,-0.002770060776171279
75L,-0.0027545236104304705
301M,-0.0018647042557862203
226L,-0.0017244282076219531
386F,-0.0016450627518307171
127F,-0.001565809958488984
391R,-0.0008863855323753
208L,-0.0008831655795689785
402W,-0.0007817398768091399
206R,-0.000734738743870289
118G,-0.0006283156740334528
330H,-0.0005387066920098605
336C,-0.0003767792048382068
335A,-0.00021011384429454606
244E,-0.00020832034318527537
281W,-5.989104009878066e-05
246M,0.0
248N,0.0
417E,0.0
247V,0.0
428F,0.0
418I,0.0
249I,0.0
238H,0.0
237I,0.0
236L,0.0
427H,0.0
419K,0.0
231G,0.0
230V,0.0
240P,0.0
250A,0.0
278F,0.0
252F,0.0
401E,0.0
415F,0.0
396L,0.0
395D,0.0
394C,0.0
393V,0.0
392R,0.0
390S,0.0
389S,0.0
385W,0.0
337I,0.0
334G,0.0
333A,0.0
331H,0.0
329P,0.0
328V,0.0
297D,0.0
296I,0.0
292M,0.0
416E,0.0
253V,0.0
251A,0.0
420D,0.0
227N,0.0
225T,0.0
97R,0.0
96L,0.0
95Y,0.0
94D,0.0
82P,0.0
81V,0.0
80A,0.0
424K,0.0
78S,0.0
76R,0.0
62R,0.0
61V,0.0
59N,0.0
58A,0.0
57T,0.0
56F,0.0
425I,0.0
54M,0.0
53G,0.0
426W,0.0
50I,0.0
228M,0.0
423H,0.0
414C,0.0
422S,0.0
224R,0.0
223A,0.0
211M,0.0
207G,0.0
205F,0.0
204A,0.0
203F,0.0
202K,0.0
124R,0.0
123R,0.0
122C,0.0
99V,0.0
121A,0.0
119F,0.0
117R,0.0
115G,0.0
112L,0.0
421R,0.0
110Y,0.0
109L,0.0
108R,0.0
107K,0.0
120E,0.0
299W,6.410222190387228e-05
52A,7.585466243575922e-05
327A,0.000165568870304722
332G,0.00017636470061521692
235H,0.00043007271026660463
233N,0.0006830481040146052
22I,0.0007375686553509287
100D,0.0009628574750341068
241V,0.0028261529990259993
79G,0.003215601320964212
111Q,0.003908682484118975
397Y,0.004379835912575092
51G,0.004983867270277243
229H,0.015088092546739262
98W,0.0175126869810883
55A,0.03438584426894196
254S,0.036701785523944964
239Y,0.11782917527127608
