feature,mean_importance
251A,-0.002751869171388632
415F,-0.0020598640568163075
203F,-0.001582406823385152
107K,-0.0013983724413623832
278F,-0.0013471757313173293
224R,-0.0010144015773132953
208L,-0.0009789674120608937
56F,-0.0009515268306917957
246M,-0.000930744487834545
237I,-0.0007354729790208126
207G,-0.0006738391631377239
50I,-0.0005432770496161199
238H,-0.0002631091208576741
205F,-0.00018910058411230056
228M,-4.376169207689351e-05
225T,-4.1634555291758526e-05
58A,-2.76579249882003e-05
53G,-2.3606863675440516e-05
330H,0.0
236L,0.0
244E,0.0
427H,0.0
247V,0.0
249I,0.0
252F,0.0
292M,0.0
296I,0.0
297D,0.0
233N,0.0
329P,0.0
331H,0.0
22I,0.0
333A,0.0
426W,0.0
424K,0.0
423H,0.0
422S,0.0
421R,0.0
420D,0.0
419K,0.0
418I,0.0
416E,0.0
414C,0.0
332G,0.0
402W,0.0
396L,0.0
395D,0.0
394C,0.0
393V,0.0
392R,0.0
391R,0.0
389S,0.0
385W,0.0
336C,0.0
231G,0.0
401E,0.0
334G,0.0
235H,0.0
110Y,0.0
117R,0.0
115G,0.0
112L,0.0
111Q,0.0
109L,0.0
108R,0.0
100D,0.0
97R,0.0
118G,0.0
96L,0.0
94D,0.0
81V,0.0
76R,0.0
62R,0.0
61V,0.0
59N,0.0
57T,0.0
52A,0.0
95Y,0.0
120E,0.0
428F,0.0
204A,0.0
227N,0.0
124R,0.0
211M,0.0
127F,1.2978628996607178e-05
417E,4.4713778668570293e-05
240P,9.150848051819871e-05
299W,0.00012914603889568887
281W,0.00019881221458093457
253V,0.00029845393470322444
206R,0.00030372194594991965
202K,0.000516700846356466
390S,0.0005991697367905946
248N,0.0006382697601646115
328V,0.0007909916185790955
82P,0.000828615820669798
119F,0.0008436437508626549
386F,0.0008990470842269671
223A,0.0009127490585339127
226L,0.0009157825022759969
234A,0.0009901693879979412
335A,0.0010430342860351383
123R,0.001085587820215661
230V,0.0011032703610665217
51G,0.001260604992369685
254S,0.0013251971716838895
122C,0.001750649286607442
241V,0.002078393007422119
121A,0.0024710472246089353
99V,0.0026153632072145163
250A,0.0026388663160324287
229H,0.002757209682210959
80A,0.0030369254110628853
425I,0.003319747038841858
98W,0.0045155884510302835
301M,0.004652447861812648
75L,0.004773164805403862
337I,0.004876300011378665
327A,0.005051985015810811
78S,0.005704435588871526
54M,0.010603907566539061
79G,0.016697279741705227
55A,0.024015533728819972
397Y,0.03190894911318576
239Y,0.20128969063668398
