feature,mean_importance
112L,-0.004659822404669822
78S,-0.0030315921677366965
59N,-0.002307029751768108
79G,-0.0020253904722400407
107K,-0.0020162441466095695
301M,-0.0019792541463019564
121A,-0.0014900993579052058
390S,-0.0013565898562011292
96L,-0.0012127779985823927
281W,-0.0010946947190568546
389S,-0.0010553438858002195
394C,-0.0009242406140945514
247V,-0.0007611866777885501
401E,-0.0007402763109127575
391R,-0.0004866502067700562
230V,-0.0003833328156387372
51G,-0.0003369364648835527
251A,-0.00024232799070977862
206R,-0.00023699430369998885
249I,-0.0002177241962636245
386F,-0.00020663246174346117
231G,-0.00018260093401365474
330H,-0.00017700310337049886
299W,-0.00010755098242658523
418I,-0.00010409684593710722
229H,-9.573421325410613e-05
236L,-4.8083880740534825e-05
292M,0.0
329P,0.0
244E,0.0
237I,0.0
297D,0.0
427H,0.0
234A,0.0
233N,0.0
278F,0.0
253V,0.0
22I,0.0
333A,0.0
426W,0.0
424K,0.0
423H,0.0
422S,0.0
420D,0.0
419K,0.0
417E,0.0
416E,0.0
331H,0.0
415F,0.0
402W,0.0
396L,0.0
395D,0.0
393V,0.0
392R,0.0
337I,0.0
335A,0.0
334G,0.0
414C,0.0
385W,0.0
428F,0.0
227N,0.0
122C,0.0
120E,0.0
119F,0.0
118G,0.0
228M,0.0
115G,0.0
111Q,0.0
110Y,0.0
109L,0.0
108R,0.0
100D,0.0
99V,0.0
95Y,0.0
82P,0.0
81V,0.0
76R,0.0
62R,0.0
61V,0.0
58A,0.0
123R,0.0
124R,0.0
117R,0.0
203F,0.0
223A,0.0
204A,0.0
226L,0.0
211M,0.0
225T,0.0
224R,0.0
241V,1.517823859580325e-05
205F,0.00012574254361863435
53G,0.000179230410161213
202K,0.00033476844367059667
94D,0.00036322781077424704
240P,0.00037632069108273214
56F,0.0004152154619318837
207G,0.000596641931418862
248N,0.000623618168661344
332G,0.0007356402099284231
50I,0.0008296818582710364
127F,0.0009552213958358147
421R,0.0010919229085895488
235H,0.0011086704183727925
327A,0.0012758637908619308
57T,0.0012826475415076866
252F,0.0013291257429900005
54M,0.001457316377347162
52A,0.0014610317420532537
246M,0.0020663371718676383
75L,0.00263349414735079
238H,0.0026548251458686336
336C,0.0026693204920391622
208L,0.003014030701066539
296I,0.0034677017737063886
97R,0.003904264061197038
254S,0.005272182139917847
328V,0.0054449317763213935
250A,0.007624657471124863
80A,0.007943535012121018
98W,0.011897716061010555
425I,0.012000525553719688
397Y,0.020744278759967004
55A,0.02835407475118923
239Y,0.2066143592324563
