feature,mean_importance
234A,-0.0027700607761711902
75L,-0.0027545236104304484
301M,-0.0018647042557861538
226L,-0.001724428207621842
386F,-0.0016450627518306503
127F,-0.001565809958488895
391R,-0.0008863855323752112
208L,-0.0008831655795688675
402W,-0.0007817398768090511
206R,-0.0007347387438702002
118G,-0.0006283156740333861
330H,-0.0005387066920097717
336C,-0.000376779204838118
335A,-0.00021011384429447943
244E,-0.00020832034318518655
281W,-5.9891040098691836e-05
246M,0.0
248N,0.0
417E,0.0
247V,0.0
428F,0.0
418I,0.0
249I,0.0
238H,0.0
237I,0.0
236L,0.0
427H,0.0
419K,0.0
231G,0.0
230V,0.0
240P,0.0
250A,0.0
278F,0.0
252F,0.0
401E,0.0
415F,0.0
396L,0.0
395D,0.0
394C,0.0
393V,0.0
392R,0.0
390S,0.0
389S,0.0
385W,0.0
337I,0.0
334G,0.0
333A,0.0
331H,0.0
329P,0.0
328V,0.0
297D,0.0
296I,0.0
292M,0.0
416E,0.0
253V,0.0
251A,0.0
420D,0.0
227N,0.0
225T,0.0
97R,0.0
96L,0.0
95Y,0.0
94D,0.0
82P,0.0
81V,0.0
80A,0.0
424K,0.0
78S,0.0
76R,0.0
62R,0.0
61V,0.0
59N,0.0
58A,0.0
57T,0.0
56F,0.0
425I,0.0
54M,0.0
53G,0.0
426W,0.0
50I,0.0
228M,0.0
423H,0.0
414C,0.0
422S,0.0
224R,0.0
223A,0.0
211M,0.0
207G,0.0
205F,0.0
204A,0.0
203F,0.0
202K,0.0
124R,0.0
123R,0.0
122C,0.0
99V,0.0
121A,0.0
119F,0.0
117R,0.0
115G,0.0
112L,0.0
421R,0.0
110Y,0.0
109L,0.0
108R,0.0
107K,0.0
120E,0.0
299W,6.410222190396108e-05
52A,7.585466243587025e-05
327A,0.00016556887030483303
332G,0.00017636470061528354
235H,0.0004300727102666935
233N,0.0006830481040146497
22I,0.0007375686553510175
100D,0.0009628574750342178
241V,0.002826152999026088
79G,0.003215601320964301
111Q,0.003908682484119086
397Y,0.004379835912575203
51G,0.004983867270277331
229H,0.015088092546739373
98W,0.017512686981088342
55A,0.03438584426894205
254S,0.036701785523945075
239Y,0.11782917527127619
