feature,mean_importance
278F,-0.002258934605646634
225T,-0.0018002658453363906
120E,-0.0015124629768838104
229H,-0.001171620749305946
332G,-0.0010798070604657983
327A,-0.0005374549533939676
249I,-0.0003077982717990535
248N,-0.0002581991144090079
240P,-0.0002209793128740367
237I,-0.00016639611623530114
337I,-0.00015302688663962894
299W,-7.729922739974082e-05
202K,-5.055116140106897e-05
231G,-4.062750279318905e-05
52A,-1.4080612782851887e-05
205F,-8.817591301024663e-06
78S,-2.34096686395624e-06
207G,-6.290557764687676e-07
427H,0.0
228M,0.0
247V,0.0
252F,0.0
297D,0.0
22I,0.0
204A,0.0
426W,0.0
424K,0.0
422S,0.0
421R,0.0
420D,0.0
419K,0.0
417E,0.0
416E,0.0
396L,0.0
395D,0.0
393V,0.0
392R,0.0
390S,0.0
389S,0.0
385W,0.0
336C,0.0
334G,0.0
329P,0.0
333A,0.0
235H,0.0
99V,0.0
112L,0.0
100D,0.0
115G,0.0
203F,0.0
96L,0.0
94D,0.0
118G,0.0
82P,0.0
109L,0.0
81V,0.0
119F,0.0
76R,0.0
75L,0.0
62R,0.0
57T,0.0
123R,0.0
53G,0.0
124R,0.0
80A,0.0
110Y,0.0
335A,3.577271157970685e-05
402W,7.193389220672142e-05
292M,7.445595996835586e-05
414C,7.512410091035094e-05
253V,8.850740087362752e-05
127F,9.16597728285451e-05
301M,0.00010974248648685237
211M,0.00019554051518337888
206R,0.00025833545207740725
61V,0.0002857995532207669
428F,0.0003802726026227221
58A,0.0004931393321832012
418I,0.0005047161938222855
224R,0.0005680422472055247
117R,0.0006443320383335838
59N,0.0006701222340244506
223A,0.0007367002209902829
244E,0.0007851068432444874
51G,0.0007866340921566462
108R,0.0007975861239620574
331H,0.0008611125471987613
56F,0.0008767482474247191
121A,0.001011683744965164
328V,0.0011787751876086937
97R,0.001238634154108209
50I,0.001461018447026996
415F,0.001670305712855158
107K,0.0018237991305910084
227N,0.0019776816294708732
122C,0.002084953176190796
208L,0.0022648731736935267
296I,0.0024080269620043284
241V,0.002419281888272962
391R,0.002487942558803735
423H,0.002655355476293897
233N,0.0026687863722675955
111Q,0.00271179318051924
281W,0.0027210222271367712
250A,0.0028928267467625
386F,0.0030005000851285103
234A,0.0030798133870979295
95Y,0.0031279385901001877
226L,0.0031722575566001552
230V,0.003248434127178479
236L,0.003517448834792414
79G,0.0036653967716218537
251A,0.0038206182796191477
238H,0.0041998861469014995
394C,0.00437639134061738
54M,0.004520331377807607
330H,0.005358006429520756
401E,0.009407573743127774
397Y,0.010187182913622972
246M,0.01052692642440387
425I,0.017129487960692646
55A,0.020538181317211836
254S,0.027085007678663862
98W,0.029131062997697566
239Y,0.15498791441195378
