feature,mean_importance
62R,-0.002272271801761616
332G,-0.001810473437650173
230V,-0.001232692367855459
251A,-0.0009333992286332471
248N,-0.0008077982777920045
240P,-0.0005980156467039865
231G,-0.0004068653988044568
22I,-0.00034828970690103933
328V,-0.00019592260245344663
229H,-0.000178032671545969
206R,-0.00016203312101894518
394C,-0.0001596467810792257
327A,-0.0001494421367965293
211M,-0.00013720912083803327
385W,-0.00010918739751830664
53G,-1.0519986675339155e-05
80A,-1.0015960322684592e-05
299W,0.0
297D,0.0
296I,0.0
292M,0.0
281W,0.0
236L,0.0
249I,0.0
244E,0.0
241V,0.0
427H,0.0
238H,0.0
237I,0.0
278F,0.0
250A,0.0
330H,0.0
228M,0.0
426W,0.0
425I,0.0
424K,0.0
423H,0.0
421R,0.0
419K,0.0
418I,0.0
417E,0.0
416E,0.0
329P,0.0
415F,0.0
402W,0.0
395D,0.0
393V,0.0
392R,0.0
389S,0.0
337I,0.0
334G,0.0
333A,0.0
331H,0.0
414C,0.0
227N,0.0
235H,0.0
100D,0.0
115G,0.0
112L,0.0
111Q,0.0
110Y,0.0
109L,0.0
108R,0.0
107K,0.0
226L,0.0
97R,0.0
117R,0.0
96L,0.0
94D,0.0
81V,0.0
79G,0.0
76R,0.0
75L,0.0
61V,0.0
59N,0.0
58A,0.0
57T,0.0
95Y,0.0
119F,0.0
428F,0.0
127F,0.0
205F,0.0
204A,0.0
203F,0.0
202K,0.0
224R,0.0
124R,0.0
223A,0.0
120E,0.0
123R,0.0
121A,0.0
56F,3.263925791252564e-05
99V,5.843580847064711e-05
391R,0.00010212081201395051
335A,0.00013711144328234503
225T,0.00016956569482595718
390S,0.00018577135857056337
54M,0.00022249194553820574
252F,0.0002575954149808046
50I,0.00027227134122356225
336C,0.0003431052791146749
422S,0.0003764499212492112
247V,0.00041986219240173204
301M,0.0004906700425445498
52A,0.0006099523101588567
246M,0.0008359742803380587
253V,0.0011176410156313655
386F,0.0012125672367253371
82P,0.0012436976247055752
233N,0.0012761451732834273
396L,0.0015151767838641028
401E,0.0016096537549349587
207G,0.001619881196295414
118G,0.0017128767239891873
420D,0.0028145749417077593
208L,0.0030056067229423224
122C,0.003118521143001196
51G,0.0034552786043053453
78S,0.003998099089782392
397Y,0.006458020334463943
234A,0.007187988182754101
98W,0.01601631923070197
254S,0.03615107146334808
55A,0.0430210628422746
239Y,0.1833768151759549
