feature,shap_importance
239Y,0.9769294
97R,0.52157384
428F,0.4231645
397Y,0.36705476
80A,0.33798626
117R,0.32422698
254S,0.31779072
402W,0.3128606
81V,0.28663158
297D,0.26653004
55A,0.25760084
78S,0.24152277
233N,0.22482938
112L,0.21825299
236L,0.20495458
392R,0.19991767
424K,0.19969282
94D,0.19675778
224R,0.18653174
425I,0.18504083
54M,0.17327598
423H,0.17130303
110Y,0.16930744
253V,0.15651022
58A,0.15161197
120E,0.14904615
61V,0.12893268
416E,0.12246946
62R,0.12197605
111Q,0.121045634
108R,0.12068463
337I,0.1198169
393V,0.118202485
417E,0.111953065
98W,0.11187476
75L,0.1111996
76R,0.10597703
420D,0.104398906
419K,0.10335684
99V,0.10063704
301M,0.09864445
415F,0.09794207
228M,0.09642625
95Y,0.0930764
227N,0.09241809
395D,0.09175533
418I,0.090297505
115G,0.08852111
244E,0.08562636
119F,0.08022968
107K,0.078178175
247V,0.07338096
296I,0.07150914
427H,0.07002061
226L,0.068952955
230V,0.0674993
208L,0.06613382
229H,0.06568236
82P,0.063346
123R,0.062826164
422S,0.057489343
328V,0.057276934
327A,0.056417964
331H,0.056230254
96L,0.055940844
414C,0.053984754
292M,0.05000225
203F,0.044997048
100D,0.044282205
122C,0.04256385
249I,0.040915847
205F,0.03849098
207G,0.038297586
202K,0.03810107
250A,0.036143623
246M,0.03419281
57T,0.03245183
79G,0.03070384
281W,0.030213553
394C,0.02668925
225T,0.024502879
385W,0.0196376
109L,0.015833657
238H,0.012898793
401E,0.012076111
396L,0.011009405
251A,0.010910569
278F,0.008839836
389S,0.007109581
234A,0.006674935
426W,0.0066335415
59N,0.00543113
223A,0.0050911345
237I,0.0026554663
386F,0.0
421R,0.0
391R,0.0
390S,0.0
22I,0.0
336C,0.0
335A,0.0
51G,0.0
52A,0.0
53G,0.0
56F,0.0
118G,0.0
121A,0.0
124R,0.0
127F,0.0
204A,0.0
206R,0.0
211M,0.0
231G,0.0
50I,0.0
240P,0.0
241V,0.0
248N,0.0
252F,0.0
299W,0.0
329P,0.0
330H,0.0
332G,0.0
333A,0.0
334G,0.0
235H,0.0
