feature,shap_importance
239Y,0.8778307
80A,0.3794868
55A,0.32279468
397Y,0.29272452
416E,0.27427712
97R,0.27246368
94D,0.26266596
337I,0.20561013
253V,0.1967293
119F,0.15740862
81V,0.1560654
417E,0.12261574
203F,0.12218351
420D,0.1218022
123R,0.12088927
120E,0.11976388
112L,0.11868745
423H,0.11867526
99V,0.112577274
425I,0.110024154
61V,0.10727449
419K,0.10331213
393V,0.097124256
392R,0.09465382
254S,0.09414618
228M,0.09248953
76R,0.087555364
427H,0.087412395
75L,0.08680724
78S,0.08440203
98W,0.082117796
224R,0.07762754
233N,0.07411277
247V,0.07042022
227N,0.068854146
117R,0.06856331
111Q,0.06763916
115G,0.067334615
238H,0.06678215
296I,0.06363153
389S,0.060928605
62R,0.06050172
108R,0.05957605
415F,0.05697389
79G,0.056687158
331H,0.05557642
402W,0.05539829
58A,0.051401664
301M,0.04990453
100D,0.0473464
428F,0.04712075
54M,0.040973507
229H,0.037777662
244E,0.03623288
226L,0.032689936
236L,0.029297058
250A,0.02849226
225T,0.027422084
297D,0.026729587
418I,0.025875948
95Y,0.025236744
230V,0.02391161
422S,0.022525609
208L,0.019811846
424K,0.018915743
281W,0.018236477
328V,0.017643362
57T,0.017534327
278F,0.016578162
202K,0.016108163
246M,0.015892163
107K,0.015144325
207G,0.014948789
414C,0.014358165
401E,0.013265982
96L,0.013118109
110Y,0.011416272
292M,0.008088144
121A,0.0077994787
395D,0.007153972
426W,0.0068363342
82P,0.0061034043
237I,0.0059262393
122C,0.0056025246
234A,0.005044212
385W,0.0038430723
394C,0.0030593064
127F,0.0029561226
251A,0.002455485
241V,0.0021098454
109L,0.0019798223
421R,0.0
396L,0.0
391R,0.0
390S,0.0
386F,0.0
22I,0.0
336C,0.0
335A,0.0
51G,0.0
52A,0.0
53G,0.0
56F,0.0
59N,0.0
118G,0.0
124R,0.0
204A,0.0
205F,0.0
206R,0.0
211M,0.0
223A,0.0
231G,0.0
50I,0.0
240P,0.0
248N,0.0
249I,0.0
252F,0.0
299W,0.0
327A,0.0
329P,0.0
330H,0.0
332G,0.0
333A,0.0
334G,0.0
235H,0.0
