feature,shap_importance
239Y,0.75870204
55A,0.5549374
397Y,0.4271806
97R,0.35116068
80A,0.34050205
117R,0.32347375
254S,0.26228264
428F,0.24012423
94D,0.2350318
427H,0.22937754
416E,0.22703001
253V,0.22041696
81V,0.20959151
420D,0.19885303
297D,0.18629846
236L,0.17865929
115G,0.17729977
417E,0.17031161
337I,0.16407932
120E,0.15844567
110Y,0.1540005
108R,0.15377434
415F,0.15303439
119F,0.1489922
392R,0.14787029
425I,0.14225316
112L,0.13842747
393V,0.13729382
224R,0.13559125
61V,0.1352451
227N,0.12887107
423H,0.12853031
76R,0.12425001
78S,0.12391767
98W,0.12046335
75L,0.119062975
79G,0.11844532
54M,0.1095601
418I,0.10804967
111Q,0.106767796
246M,0.098351434
62R,0.09730635
419K,0.09619806
208L,0.09383063
233N,0.09232801
122C,0.08647411
58A,0.07397889
123R,0.07288724
99V,0.064144224
414C,0.061947607
50I,0.061791033
395D,0.06177402
228M,0.06077873
95Y,0.059938844
331H,0.059398312
424K,0.058032893
296I,0.057219338
203F,0.054856155
107K,0.05257327
328V,0.051963672
223A,0.050723486
226L,0.05041694
249I,0.048149355
96L,0.046356227
251A,0.045760933
402W,0.04344491
401E,0.042804495
57T,0.040198203
385W,0.038218677
207G,0.038042206
247V,0.0375426
225T,0.036916077
327A,0.034816083
109L,0.03393724
229H,0.03372723
301M,0.03357028
230V,0.03140588
82P,0.029126272
292M,0.028891569
396L,0.027766678
100D,0.027622486
422S,0.02717568
204A,0.02654553
238H,0.024779525
244E,0.024404874
202K,0.018543392
389S,0.016998732
250A,0.016224852
278F,0.016045174
336C,0.012224795
205F,0.008893622
281W,0.0071633086
394C,0.0052137575
386F,0.004571627
241V,0.0043682465
421R,0.0
391R,0.0
390S,0.0
426W,0.0
22I,0.0
335A,0.0
211M,0.0
51G,0.0
52A,0.0
53G,0.0
56F,0.0
59N,0.0
118G,0.0
121A,0.0
124R,0.0
127F,0.0
206R,0.0
231G,0.0
334G,0.0
234A,0.0
237I,0.0
240P,0.0
248N,0.0
252F,0.0
299W,0.0
329P,0.0
330H,0.0
332G,0.0
333A,0.0
235H,0.0
