feature,mean_importance
281W,-0.004439030270301436
233N,-0.0035252927852789107
121A,-0.0030188791776889047
54M,-0.0027884024470156365
396L,-0.002103780152032142
386F,-0.0016984273767597813
241V,-0.0016285125855695303
78S,-0.001322978608441283
50I,-0.0012302234210515238
240P,-0.0012265030244001274
223A,-0.001208613490496746
57T,-0.0011145084576988928
52A,-0.0010568771200958338
203F,-0.0008958957366471231
225T,-0.0007360661200458863
385W,-0.0007240507798858875
115G,-0.0006155280969494026
206R,-0.000579559726002965
122C,-0.000519756668387239
391R,-0.0004546027312075207
333A,-0.0004275979411607622
299W,-0.0004124300247589696
327A,-0.00022086188521965865
390S,-0.00020251154821950834
118G,-0.00015289725515479357
328V,-0.00012102161814178113
417E,-4.295309470807585e-05
335A,-2.6823574544088125e-05
247V,0.0
331H,0.0
224R,0.0
334G,0.0
329P,0.0
226L,0.0
227N,0.0
228M,0.0
395D,0.0
254S,0.0
231G,0.0
394C,0.0
249I,0.0
427H,0.0
237I,0.0
238H,0.0
297D,0.0
292M,0.0
244E,0.0
246M,0.0
253V,0.0
248N,0.0
205F,0.0
207G,0.0
418I,0.0
82P,0.0
94D,0.0
419K,0.0
95Y,0.0
416E,0.0
62R,0.0
414C,0.0
211M,0.0
100D,0.0
107K,0.0
108R,0.0
109L,0.0
79G,0.0
61V,0.0
59N,0.0
422S,0.0
112L,0.0
117R,0.0
423H,0.0
120E,0.0
424K,0.0
123R,0.0
124R,0.0
53G,0.0
202K,0.0
426W,0.0
332G,0.0
110Y,0.0
76R,0.0
428F,0.00012283821114720262
230V,0.00014139107460373613
119F,0.00014760973575642656
236L,0.00016834486599335286
204A,0.00019280706787079273
402W,0.00019324596798404593
389S,0.0006364771175327855
99V,0.0006936430780392522
415F,0.0010732567055999009
392R,0.00116507456406425
127F,0.0011978503354823865
22I,0.0012444990392535215
55A,0.0013468667370836406
96L,0.001371537104908538
393V,0.0017078693110887944
278F,0.0017324250186673273
421R,0.001764695453675924
252F,0.0018580666835313676
58A,0.0019800334965750952
208L,0.0022471181671029684
235H,0.0026971200843108447
81V,0.0029546981346559196
251A,0.0029809868323874113
51G,0.0031544951912461983
296I,0.003276396712094831
337I,0.003496245897215444
397Y,0.0039212603977457185
401E,0.004002451860556833
56F,0.0043074465297803675
336C,0.0045144711180310935
80A,0.004872907706836927
301M,0.00500949483348132
330H,0.005199782506959627
420D,0.006784426363390672
111Q,0.007042222829281952
97R,0.007143857754409111
75L,0.00792173768341764
234A,0.008421953340717537
98W,0.00933077957786892
229H,0.011683140422421624
250A,0.01562187605798344
425I,0.024655007788399862
239Y,0.10373795260668431
