feature,mean_importance
50I,-0.002064367731135963
386F,-0.0018634617657353081
281W,-0.0016743854234758215
54M,-0.001649115795581313
230V,-0.0016156508562027217
330H,-0.0012924616228595642
252F,-0.001236411719518249
418I,-0.0009369505076536999
59N,-0.0008764844319705922
301M,-0.000856033301667014
231G,-0.0006933901545561394
100D,-0.0006559047929793893
251A,-0.0005865415939504181
394C,-0.0004707270199025171
240P,-0.00045193052902843257
333A,-0.0004068061206720097
401E,-0.0002458044793882008
53G,-0.00011440552198749288
234A,-8.877576319106239e-05
206R,-3.908973007600291e-05
246M,0.0
233N,0.0
292M,0.0
427H,0.0
236L,0.0
254S,0.0
238H,0.0
253V,0.0
241V,0.0
248N,0.0
244E,0.0
247V,0.0
297D,0.0
22I,0.0
335A,0.0
331H,0.0
424K,0.0
423H,0.0
422S,0.0
421R,0.0
419K,0.0
417E,0.0
416E,0.0
415F,0.0
329P,0.0
414C,0.0
396L,0.0
395D,0.0
393V,0.0
392R,0.0
391R,0.0
389S,0.0
336C,0.0
334G,0.0
402W,0.0
229H,0.0
235H,0.0
227N,0.0
115G,0.0
112L,0.0
111Q,0.0
228M,0.0
109L,0.0
108R,0.0
107K,0.0
99V,0.0
97R,0.0
96L,0.0
95Y,0.0
82P,0.0
81V,0.0
80A,0.0
79G,0.0
76R,0.0
62R,0.0
61V,0.0
58A,0.0
57T,0.0
52A,0.0
117R,0.0
118G,0.0
110Y,0.0
428F,0.0
119F,0.0
202K,0.0
205F,0.0
211M,0.0
224R,0.0
124R,0.0
203F,0.0
225T,0.0
122C,0.0
121A,0.0
226L,0.0
120E,0.0
123R,0.0
426W,0.0002940889169929406
249I,0.0005388330097819916
332G,0.0007599391920865672
204A,0.000789625153714435
278F,0.00090452103062999
385W,0.0009341284529587712
56F,0.0009427971347804043
296I,0.000978065311860754
127F,0.0010476197488533457
207G,0.0011743841570428736
237I,0.001290228698885887
390S,0.001409441439148318
425I,0.0017162019395799756
299W,0.0020361587995976647
328V,0.002126918978912462
337I,0.002215414255243675
327A,0.0025406890284290105
208L,0.00278455670220652
94D,0.003863144803196894
98W,0.004847501553578049
51G,0.0060840197482267214
250A,0.006243285169045309
397Y,0.0064131297102329125
223A,0.00749617734963981
420D,0.007835669921345257
78S,0.01370497925657439
75L,0.028605861488743
55A,0.03097440693417013
239Y,0.1302989539236899
