feature,mean_importance
237I,-0.004512826626733868
424K,-0.0017783753663292324
111Q,-0.001510367525068812
401E,-0.0012502042888711928
50I,-0.0011213241724112421
278F,-0.0009281651563583848
252F,-0.0008899220472503133
238H,-0.0004856289054804286
207G,-0.00035168985497200376
127F,-0.0003392143166896178
416E,-0.00021309147220212045
236L,-0.000190237672603355
393V,-0.0001652466995282653
389S,-0.00012620453498675134
234A,-0.0001184490487107892
248N,-0.00011510710913562595
281W,-8.245352613860391e-05
301M,-3.329567847534243e-05
53G,-1.228702185884778e-05
233N,0.0
246M,0.0
231G,0.0
230V,0.0
250A,0.0
253V,0.0
254S,0.0
228M,0.0
244E,0.0
22I,0.0
329P,0.0
296I,0.0
426W,0.0
422S,0.0
421R,0.0
420D,0.0
419K,0.0
417E,0.0
415F,0.0
414C,0.0
402W,0.0
396L,0.0
394C,0.0
392R,0.0
386F,0.0
337I,0.0
336C,0.0
334G,0.0
332G,0.0
225T,0.0
297D,0.0
292M,0.0
224R,0.0
428F,0.0
211M,0.0
52A,0.0
61V,0.0
76R,0.0
78S,0.0
79G,0.0
81V,0.0
94D,0.0
100D,0.0
107K,0.0
109L,0.0
110Y,0.0
115G,0.0
117R,0.0
119F,0.0
121A,0.0
99V,0.0
203F,0.0
204A,0.0
122C,0.0
124R,0.0
202K,0.0
56F,1.7330181515173847e-06
206R,1.0358448443392732e-05
208L,0.00012230831079305116
333A,0.000166150310826918
335A,0.00017485498019875756
418I,0.00018113089454863118
390S,0.0002129581938373537
385W,0.0003326844897280967
51G,0.0005155509389700886
227N,0.0005380968152111087
423H,0.0005431019908640033
249I,0.0006177274213715833
54M,0.0006218881560038803
205F,0.0006255356916823995
240P,0.000795379629689763
59N,0.0009177917292484183
299W,0.0009252791168005592
391R,0.0009455533823929052
96L,0.0009636799116973238
223A,0.0009809961701250148
327A,0.0009871718470880974
57T,0.0010267661122576265
427H,0.0011554840139251122
226L,0.0011927969190050902
62R,0.0016369509131470394
95Y,0.001649129866495924
118G,0.0017245581622508332
251A,0.001744772058621602
235H,0.001921022373537351
328V,0.002220591194303001
58A,0.002223304572924234
112L,0.0029547740567408497
80A,0.0029858034764264517
395D,0.0030581246764380455
229H,0.0033980187451572164
247V,0.0034290902520329515
330H,0.0034768786561462537
241V,0.003686419656825257
98W,0.003777642205752696
82P,0.005335977226842936
331H,0.00688259546953911
123R,0.006915176141001544
108R,0.0069250386512131005
120E,0.0070830632430021415
97R,0.007134377541890858
425I,0.009391825107639029
75L,0.012719840391399196
55A,0.02033428248848439
397Y,0.04227055458701605
239Y,0.08645161862351074
