feature,mean_importance
250A,-0.003015056936475613
235H,-0.0021483087248054477
301M,-0.0020310535371801386
234A,-0.0014958421676143584
390S,-0.0013504113946166464
417E,-0.0011338088790405544
419K,-0.0009568918352676814
330H,-0.0006587330347965104
385W,-0.0005831991498720157
335A,-0.00045228336515514835
62R,-0.00043838593786602595
80A,-0.00039380177824956954
238H,-0.0002168461823324641
205F,-0.00011937805397901346
421R,-0.00010758696522381595
58A,-9.43862974324583e-05
208L,-5.4393827945320436e-05
251A,-3.986666017867791e-05
53G,-3.874522594826679e-06
292M,0.0
281W,0.0
278F,0.0
253V,0.0
297D,0.0
236L,0.0
249I,0.0
427H,0.0
299W,0.0
247V,0.0
246M,0.0
244E,0.0
237I,0.0
252F,0.0
248N,0.0
334G,0.0
329P,0.0
426W,0.0
424K,0.0
423H,0.0
422S,0.0
416E,0.0
415F,0.0
414C,0.0
402W,0.0
401E,0.0
328V,0.0
396L,0.0
393V,0.0
392R,0.0
391R,0.0
386F,0.0
337I,0.0
336C,0.0
233N,0.0
333A,0.0
332G,0.0
394C,0.0
231G,0.0
22I,0.0
110Y,0.0
115G,0.0
112L,0.0
111Q,0.0
109L,0.0
107K,0.0
100D,0.0
99V,0.0
97R,0.0
96L,0.0
94D,0.0
82P,0.0
81V,0.0
76R,0.0
61V,0.0
59N,0.0
57T,0.0
56F,0.0
52A,0.0
50I,0.0
117R,0.0
119F,0.0
428F,0.0
226L,0.0
204A,0.0
120E,0.0
202K,0.0
224R,0.0
225T,0.0
124R,0.0
207G,0.0
227N,0.0
122C,0.0
228M,0.0
123R,0.0
211M,9.869337021894963e-06
240P,0.00011085027305830497
118G,0.00017093744927456633
206R,0.0001773128235231125
229H,0.00037698227348486045
54M,0.0004536170598967937
296I,0.0004568996363200517
108R,0.0005894248743473884
389S,0.000752004998589717
95Y,0.0008506782963259019
203F,0.0009841116122828453
230V,0.0010016528824338567
79G,0.0010292278152652435
327A,0.0015858358709204712
223A,0.0018124756238582895
121A,0.0019028722128373143
127F,0.0022192673792068795
395D,0.003139543530074218
98W,0.004569646397888305
331H,0.0052725377373143536
418I,0.006271406824400994
51G,0.008097411885069761
397Y,0.008714559902934193
254S,0.009042579951525399
420D,0.009139356067639737
78S,0.011782396163624576
241V,0.013868359221549876
75L,0.01427663241817465
425I,0.014679215585083361
55A,0.022703476005729972
239Y,0.056220329040830117
