feature,mean_importance
251A,-0.004957507157600549
127F,-0.004719076065558126
423H,-0.0020846686743587473
336C,-0.0011798610080732352
78S,-0.0008057631945814769
394C,-0.0008014623328655545
393V,-0.0007801233770417193
207G,-0.0007691562812711439
118G,-0.0006654344349601215
385W,-0.0006196323197361631
402W,-0.0005757947787050855
417E,-0.0005648975411818302
206R,-0.00048784525592153737
249I,-0.0004355836134872115
100D,-0.0004212061202413242
297D,-0.00038370643213967435
281W,-0.00026063839472156847
238H,-0.00020472562840594398
395D,-9.089622587035162e-05
391R,-8.32127891850165e-05
231G,-7.138022468515804e-05
327A,-4.486651758583981e-06
296I,0.0
278F,0.0
22I,0.0
246M,0.0
240P,0.0
237I,0.0
427H,0.0
233N,0.0
230V,0.0
247V,0.0
299W,0.0
333A,0.0
329P,0.0
426W,0.0
424K,0.0
422S,0.0
421R,0.0
420D,0.0
419K,0.0
416E,0.0
415F,0.0
301M,0.0
414C,0.0
396L,0.0
392R,0.0
389S,0.0
337I,0.0
334G,0.0
228M,0.0
332G,0.0
331H,0.0
401E,0.0
227N,0.0
428F,0.0
225T,0.0
115G,0.0
112L,0.0
111Q,0.0
226L,0.0
108R,0.0
107K,0.0
99V,0.0
97R,0.0
96L,0.0
117R,0.0
95Y,0.0
81V,0.0
76R,0.0
75L,0.0
62R,0.0
61V,0.0
59N,0.0
58A,0.0
57T,0.0
52A,0.0
94D,0.0
120E,0.0
109L,0.0
121A,0.0
205F,0.0
224R,0.0
122C,0.0
123R,0.0
211M,0.0
204A,2.593602235505532e-05
203F,7.936353531123874e-05
248N,9.374382019045058e-05
335A,0.00013158429964317265
253V,0.00014132251749123803
236L,0.0001576612175064218
124R,0.0002539504933817938
202K,0.00029824497725621234
292M,0.00031083316312392474
223A,0.00034016024752641093
241V,0.00045434823078265295
53G,0.0008382699511959135
390S,0.0008405376803940934
119F,0.0009009858320157882
244E,0.0009268809483072848
250A,0.0009440133948130924
51G,0.0014221243638725678
56F,0.0018145317088989587
328V,0.0020430409390985284
330H,0.0020696884652332548
252F,0.0027385502642389035
110Y,0.0028935940504818624
234A,0.0035819832258815686
50I,0.0036594711782176326
229H,0.004171789798768222
386F,0.004187657110901899
54M,0.004692247791419924
208L,0.005602158034552107
235H,0.007280071913046871
98W,0.007436201919526297
82P,0.008393410552159919
254S,0.008639337779693146
425I,0.009085445047056528
80A,0.012570455968226058
418I,0.014112238793014731
79G,0.014518581801677666
397Y,0.02180196113959727
55A,0.0228149912583957
239Y,0.16493406899536228
