feature,shap_importance
239Y,0.2767402974037687
80A,0.11441644074392973
397Y,0.10644109006637639
123R,0.08281915740588308
81V,0.04238966329412459
97R,0.03884029245369066
94D,0.026311098934267585
254S,0.025181759265012777
419K,0.024847841264676623
111Q,0.02278248035125259
78S,0.02097754389140181
227N,0.017124481087068013
99V,0.015806040076578078
115G,0.013291876852399274
119F,0.013144560496579728
98W,0.01271033177478645
416E,0.012620939463957252
234A,0.011957123624189638
120E,0.011210134509815915
393V,0.011041937291342178
118G,0.010725685790224208
228M,0.00972233329085628
427H,0.008925995635633214
55A,0.008579812330051173
425I,0.007215313645718746
296I,0.006979747574482231
389S,0.006806210207441833
100D,0.006736450448758146
420D,0.006445752568156321
423H,0.006412339433802101
395D,0.006320388333121296
59N,0.005925225741122197
62R,0.005718624458161096
396L,0.005603027923386618
237I,0.005479059368786378
386F,0.005312479869913963
233N,0.005214427801225039
208L,0.005062563587000187
107K,0.004662342241488531
112L,0.004260070366288544
82P,0.004102349428527083
297D,0.004063664432900597
251A,0.003938315546024805
336C,0.0037091510315241114
109L,0.0034525219313091306
247V,0.0033326416139506723
226L,0.0032672743265718075
203F,0.0032665219520952105
76R,0.003264318917950212
54M,0.0032276306532177416
414C,0.003149054290630234
428F,0.0029694207746187836
121A,0.002897040850663558
337I,0.002763543412151136
61V,0.00272171110774482
292M,0.0027196504080082193
75L,0.0027133705460454585
330H,0.0026583579521941747
117R,0.0026166565466967913
402W,0.002464545765521264
385W,0.0024271203384845117
56F,0.0023690806601788217
230V,0.0023114548683291283
391R,0.002215243460844104
422S,0.002159216017260152
79G,0.0021426003773475566
249I,0.0019693762284970846
240P,0.0019245438605362901
127F,0.0018248268457453432
224R,0.0016410956710032909
58A,0.0015658366525958915
95Y,0.0015181686902807775
415F,0.0014909212584775784
108R,0.0014891326281228244
424K,0.0012710613121722936
231G,0.0012141001239011268
225T,0.0011189418837172155
51G,0.0010741060414697409
205F,0.0010138289480117794
96L,0.0004970534913128284
390S,0.0
392R,0.0
394C,0.0
401E,0.0
426W,0.0
421R,0.0
333A,0.0
418I,0.0
335A,0.0
417E,0.0
334G,0.0
22I,0.0
332G,0.0
236L,0.0
52A,0.0
53G,0.0
57T,0.0
110Y,0.0
122C,0.0
124R,0.0
202K,0.0
204A,0.0
206R,0.0
207G,0.0
211M,0.0
223A,0.0
229H,0.0
50I,0.0
238H,0.0
331H,0.0
241V,0.0
244E,0.0
246M,0.0
248N,0.0
250A,0.0
252F,0.0
253V,0.0
278F,0.0
281W,0.0
299W,0.0
301M,0.0
327A,0.0
328V,0.0
329P,0.0
235H,0.0
