feature,shap_importance
239Y,0.3219215340026853
80A,0.21156027165326136
397Y,0.06953110781044852
97R,0.05959690794383775
402W,0.0425677205221359
425I,0.04151117883867465
393V,0.038513265543698674
94D,0.03798594016536931
281W,0.030368568285488097
224R,0.028132335575219568
118G,0.025406612726538852
237I,0.02402066324603349
296I,0.022638578445659956
389S,0.02006655320881611
115G,0.018389369740409268
121A,0.018051835456340214
414C,0.01777905878628947
234A,0.016340015313636335
208L,0.015966971176817037
420D,0.015051668170765878
54M,0.014155597308501647
416E,0.013565300457779794
227N,0.012685302465279692
415F,0.010410107914076374
117R,0.009908658913762278
81V,0.00916956081818054
76R,0.008491997635604074
422S,0.007796489833080691
254S,0.007760710437355638
253V,0.007045672973720841
427H,0.00550045768768247
278F,0.0
249I,0.0
329P,0.0
328V,0.0
327A,0.0
301M,0.0
297D,0.0
299W,0.0
331H,0.0
250A,0.0
252F,0.0
292M,0.0
251A,0.0
330H,0.0
22I,0.0
332G,0.0
333A,0.0
426W,0.0
424K,0.0
423H,0.0
421R,0.0
419K,0.0
418I,0.0
417E,0.0
401E,0.0
396L,0.0
395D,0.0
394C,0.0
392R,0.0
391R,0.0
390S,0.0
247V,0.0
386F,0.0
385W,0.0
337I,0.0
336C,0.0
335A,0.0
334G,0.0
248N,0.0
235H,0.0
246M,0.0
79G,0.0
111Q,0.0
110Y,0.0
109L,0.0
108R,0.0
107K,0.0
100D,0.0
99V,0.0
98W,0.0
96L,0.0
95Y,0.0
82P,0.0
78S,0.0
244E,0.0
75L,0.0
62R,0.0
61V,0.0
59N,0.0
58A,0.0
57T,0.0
56F,0.0
55A,0.0
53G,0.0
52A,0.0
51G,0.0
112L,0.0
119F,0.0
120E,0.0
122C,0.0
241V,0.0
240P,0.0
238H,0.0
236L,0.0
50I,0.0
233N,0.0
231G,0.0
230V,0.0
229H,0.0
228M,0.0
226L,0.0
225T,0.0
223A,0.0
211M,0.0
207G,0.0
206R,0.0
205F,0.0
204A,0.0
203F,0.0
202K,0.0
127F,0.0
124R,0.0
123R,0.0
428F,0.0
