feature,mean_importance
254S,-0.007530957063239141
224R,-0.00550617163602074
117R,-0.0030415169059309077
208L,-0.00227457355914209
422S,-0.001990505923714703
296I,-0.0014741030583153235
427H,-0.0014235472041510323
253V,-0.0003764004969419643
22I,0.0
297D,0.0
292M,0.0
278F,0.0
252F,0.0
251A,0.0
250A,0.0
247V,0.0
248N,0.0
299W,0.0
246M,0.0
244E,0.0
241V,0.0
240P,0.0
238H,0.0
236L,0.0
233N,0.0
231G,0.0
249I,0.0
301M,0.0
327A,0.0
328V,0.0
426W,0.0
424K,0.0
423H,0.0
421R,0.0
419K,0.0
418I,0.0
417E,0.0
401E,0.0
396L,0.0
395D,0.0
394C,0.0
392R,0.0
391R,0.0
390S,0.0
386F,0.0
385W,0.0
337I,0.0
336C,0.0
335A,0.0
334G,0.0
333A,0.0
332G,0.0
331H,0.0
330H,0.0
329P,0.0
230V,0.0
229H,0.0
235H,0.0
428F,0.0
112L,0.0
111Q,0.0
110Y,0.0
109L,0.0
108R,0.0
107K,0.0
100D,0.0
99V,0.0
57T,0.0
98W,0.0
96L,0.0
95Y,0.0
58A,0.0
82P,0.0
59N,0.0
61V,0.0
79G,0.0
62R,0.0
228M,0.0
56F,0.0
55A,0.0
119F,0.0
226L,0.0
225T,0.0
50I,0.0
223A,0.0
211M,0.0
51G,0.0
207G,0.0
52A,0.0
206R,0.0
205F,0.0
204A,0.0
203F,0.0
202K,0.0
127F,0.0
124R,0.0
123R,0.0
122C,0.0
53G,0.0
120E,0.0
78S,0.0
75L,0.0
227N,0.0005081609279916632
234A,0.0005581765864274724
415F,0.0007402499388249106
76R,0.0012257077543747163
416E,0.002643882053307878
414C,0.003360789551180221
54M,0.0033964104887607817
121A,0.0035883021736001553
420D,0.0037031774629343373
115G,0.0038915527193903454
94D,0.004804531914966703
81V,0.0066342334415258495
281W,0.007099940487991252
237I,0.0098187111285295
389S,0.009890390015665473
402W,0.01258182594072288
118G,0.013120636440308586
393V,0.014373258582606185
425I,0.017703227422433864
397Y,0.023968926305179505
97R,0.041434485884141295
80A,0.11507510490001278
239Y,0.21644134489511851
