feature,mean_importance
108R,-0.0008754817872612675
205F,-0.0008315026031067818
207G,-0.0007621342861454883
82P,-0.0003741566386721518
240P,-0.0003665031268497598
107K,-0.00032375411578262626
246M,-0.0002685708873557457
51G,-0.00025521629167917225
402W,-0.00011002819594749803
204A,-0.00010080193219847988
117R,-7.147898924539931e-05
335A,-2.2204460492503132e-17
281W,-2.2204460492503132e-17
62R,-2.2204460492503132e-17
247V,0.0
417E,0.0
241V,0.0
421R,0.0
424K,0.0
238H,0.0
248N,0.0
336C,0.0
230V,0.0
226L,0.0
225T,0.0
223A,0.0
211M,0.0
426W,0.0
231G,0.0
237I,0.0
250A,0.0
395D,0.0
251A,0.0
252F,0.0
278F,0.0
393V,0.0
292M,0.0
299W,0.0
301M,0.0
390S,0.0
327A,0.0
329P,0.0
332G,0.0
333A,0.0
334G,0.0
415F,0.0
22I,0.0
235H,0.0
110Y,0.0
206R,0.0
96L,0.0
57T,0.0
59N,0.0
109L,0.0
95Y,0.0
56F,0.0
52A,0.0
124R,0.0
50I,0.0
127F,0.0
202K,0.0
75L,0.0
99V,0.0
53G,0.0
233N,2.4764117213926796e-05
401E,0.00012554719633213197
419K,0.0001672191387792843
422S,0.000248691886532848
389S,0.00025199541435128037
297D,0.00026348330272263354
337I,0.0002689163224800506
229H,0.00038181225533679975
396L,0.00038369851406745427
394C,0.0003987009719421897
112L,0.00042366418040773457
236L,0.0004565950225634552
253V,0.0004882561256049245
330H,0.0005752227551626188
79G,0.0007817166604708658
385W,0.0007845873892597278
428F,0.0009829748661319248
427H,0.001146696909879119
80A,0.0011913842675740805
227N,0.001416314840521693
111Q,0.0014296016900137375
418I,0.0014320531064158537
423H,0.001529421079229043
122C,0.0015682367162937138
228M,0.00163812527811793
386F,0.0016519324854987083
54M,0.0017171103102770814
208L,0.0017848536373927804
391R,0.0018313411027085502
61V,0.0018459572283516356
249I,0.00206608322172539
414C,0.002119393067954456
392R,0.0021571213052463457
118G,0.0023241123042132992
203F,0.0024737867827616445
254S,0.002517799063985504
244E,0.002653740519976422
120E,0.0026599524718943003
76R,0.0026883578998849076
58A,0.0027014193528069443
397Y,0.0027622615003500607
296I,0.0029700576211225014
420D,0.003058471748169711
121A,0.003445312076536711
98W,0.004387035163082542
416E,0.004554337541020814
115G,0.004731418847091873
224R,0.004756589345997897
328V,0.004846258355325284
234A,0.005099000596223901
119F,0.005115129364897308
100D,0.00536734515021331
81V,0.00818214608455876
331H,0.009257547512304143
55A,0.009719848811256449
94D,0.012257536271358681
78S,0.013164890092600978
123R,0.01976197843246692
425I,0.019894266726951382
97R,0.038511479354985736
239Y,0.21956584088431458
