feature,shap_importance
239Y,0.3809953957814033
97R,0.13226582860295405
123R,0.04604494823409583
78S,0.04528718268659429
425I,0.03701550136693963
55A,0.033406051696649744
397Y,0.02984556135615879
81V,0.028363528321083954
94D,0.021982815211380565
254S,0.019731687300349035
331H,0.015871661430178697
100D,0.015143439234704688
224R,0.012130914812401344
117R,0.012013756886342826
119F,0.011552680663135313
328V,0.011329227173260738
385W,0.009414717647679201
296I,0.008847627789757985
76R,0.008235639923647571
389S,0.007267345500255847
58A,0.007222589252227036
98W,0.007091383189227258
416E,0.006902640162012762
229H,0.006656670682761261
418I,0.006611494760786688
246M,0.006434638243169695
120E,0.006222358254849253
121A,0.006167162891636102
414C,0.006148795672551239
420D,0.005861432434851193
115G,0.00547738404944508
253V,0.005229641504066908
244E,0.0050549569123136875
227N,0.004872524610490537
234A,0.004827000892791646
111Q,0.004766240056719964
427H,0.004721808204378217
386F,0.004518453402322115
419K,0.004368387169362534
118G,0.004335805040288103
402W,0.004244401512981439
423H,0.0041089296421736275
236L,0.004014121912282708
297D,0.003925524013147573
80A,0.003923616775228263
392R,0.003848152955179641
54M,0.0036669349584779105
207G,0.003653086843142746
422S,0.0034881687906081317
337I,0.003239904012514983
61V,0.0031872517295951685
391R,0.003157280106065707
122C,0.0031321687224026523
401E,0.003120621064431543
108R,0.0029098805843882436
428F,0.002806480096492255
203F,0.002582358037348428
249I,0.0025701048848648777
79G,0.002477033318787773
205F,0.0024605337081354713
330H,0.002399618849985546
208L,0.0023332933800867253
228M,0.002114059980522634
233N,0.0019728092940783635
112L,0.0014658106255830946
204A,0.0014595774959959553
240P,0.0014560282752452817
82P,0.0013399076968798867
107K,0.0010851599768721494
51G,0.0009731094077079203
396L,0.0009522199959433762
394C,0.0008158352015285524
415F,0.0
333A,0.0
393V,0.0
426W,0.0
424K,0.0
332G,0.0
395D,0.0
421R,0.0
417E,0.0
334G,0.0
335A,0.0
336C,0.0
390S,0.0
329P,0.0
22I,0.0
327A,0.0
96L,0.0
206R,0.0
202K,0.0
127F,0.0
124R,0.0
110Y,0.0
109L,0.0
99V,0.0
95Y,0.0
301M,0.0
75L,0.0
62R,0.0
59N,0.0
57T,0.0
56F,0.0
53G,0.0
52A,0.0
211M,0.0
223A,0.0
225T,0.0
226L,0.0
299W,0.0
292M,0.0
281W,0.0
278F,0.0
252F,0.0
251A,0.0
250A,0.0
248N,0.0
247V,0.0
241V,0.0
238H,0.0
237I,0.0
50I,0.0
231G,0.0
230V,0.0
235H,0.0
