feature,shap_importance
239Y,0.3293970475452419
55A,0.1220723402970508
123R,0.11063610339827602
119F,0.05623414831088113
97R,0.048754261796459405
397Y,0.03885012602264728
81V,0.030394406864740223
425I,0.025675161463061244
296I,0.024426740525758963
254S,0.024051343024226752
118G,0.02204479950089508
79G,0.019638582937818914
115G,0.018784591625732004
78S,0.01854610629882418
80A,0.017538193464090104
99V,0.0165267430641454
253V,0.01625546337557452
393V,0.012736546293025354
278F,0.01260912129191765
330H,0.012493375795821906
223A,0.012262917146032688
224R,0.010808136571319495
94D,0.010450138541833636
238H,0.010396754825344228
427H,0.010177578561885982
415F,0.00926910890165119
337I,0.009192242610488347
420D,0.00894848064750637
246M,0.0079050465609732
428F,0.00762829773407174
416E,0.00648207175304392
251A,0.006377401884881688
111Q,0.006354496061648314
117R,0.006050559768020727
292M,0.005911908527357035
107K,0.005761503207592009
98W,0.005703707763102354
120E,0.005456386077079791
76R,0.005163736647938607
424K,0.005029807743956317
418I,0.004710454801188012
57T,0.0030864842373494487
419K,0.0029197445372298337
414C,0.00224588007905455
334G,0.0003319323321621764
299W,0.0
328V,0.0
327A,0.0
301M,0.0
395D,0.0
297D,0.0
421R,0.0
422S,0.0
281W,0.0
423H,0.0
426W,0.0
329P,0.0
331H,0.0
394C,0.0
332G,0.0
333A,0.0
417E,0.0
335A,0.0
336C,0.0
402W,0.0
385W,0.0
386F,0.0
389S,0.0
390S,0.0
391R,0.0
392R,0.0
401E,0.0
396L,0.0
252F,0.0
22I,0.0
250A,0.0
95Y,0.0
127F,0.0
124R,0.0
122C,0.0
121A,0.0
112L,0.0
110Y,0.0
109L,0.0
108R,0.0
100D,0.0
96L,0.0
82P,0.0
249I,0.0
75L,0.0
62R,0.0
61V,0.0
59N,0.0
58A,0.0
56F,0.0
54M,0.0
53G,0.0
52A,0.0
51G,0.0
202K,0.0
203F,0.0
204A,0.0
205F,0.0
248N,0.0
247V,0.0
244E,0.0
241V,0.0
240P,0.0
237I,0.0
236L,0.0
50I,0.0
234A,0.0
233N,0.0
231G,0.0
230V,0.0
229H,0.0
228M,0.0
227N,0.0
226L,0.0
225T,0.0
211M,0.0
208L,0.0
207G,0.0
206R,0.0
235H,0.0
